basDt,srtnCd,isinCd,itmsNm,mrktCtg,clpr,vs,fltRt,mkp,hipr,lopr,trqu,trPrc,lstgStCnt,mrktTotAmt
20240102,006400,KR7006400006,삼성SDI,KOSPI,467000,-5000,-1.06,469000,469500,463000,195216,91089738500,68764530,32113035510000
20240103,006400,KR7006400006,삼성SDI,KOSPI,446500,-20500,-4.39,462000,462000,446500,350254,158193025500,68764530,30703362645000
20240104,006400,KR7006400006,삼성SDI,KOSPI,445000,-1500,-.34,444500,448500,440000,201870,89577242000,68764530,30600215850000
20240105,006400,KR7006400006,삼성SDI,KOSPI,445000,0,0,445500,449000,442000,172950,77059957500,68764530,30600215850000
20240108,006400,KR7006400006,삼성SDI,KOSPI,436000,-9000,-2.02,445000,446000,435500,213935,93877954000,68764530,29981335080000
20240109,006400,KR7006400006,삼성SDI,KOSPI,432000,-4000,-.92,442000,442000,432000,210683,91923279500,68764530,29706276960000
20240110,006400,KR7006400006,삼성SDI,KOSPI,416500,-15500,-3.59,430000,431500,416000,562351,235590592414,68764530,28640426745000
20240111,006400,KR7006400006,삼성SDI,KOSPI,416500,0,0,415500,421500,415500,331233,138521846199,68764530,28640426745000
20240112,006400,KR7006400006,삼성SDI,KOSPI,408000,-8500,-2.04,417000,418500,405500,369362,151225926381,68764530,28055928240000
20240115,006400,KR7006400006,삼성SDI,KOSPI,400000,-8000,-1.96,400000,404000,396500,337909,135087914500,68764530,27505812000000
20240116,006400,KR7006400006,삼성SDI,KOSPI,395000,-5000,-1.25,398500,405500,395000,312693,124760195500,68764530,27161989350000
20240117,006400,KR7006400006,삼성SDI,KOSPI,379000,-16000,-4.05,395000,397500,379000,511751,196659584500,68764530,26061756870000
20240118,006400,KR7006400006,삼성SDI,KOSPI,376500,-2500,-.66,372000,388500,367500,477618,180130270500,68764530,25889845545000
20240119,006400,KR7006400006,삼성SDI,KOSPI,374000,-2500,-.66,380000,384500,373500,329271,124203791000,68764530,25717934220000
20240122,006400,KR7006400006,삼성SDI,KOSPI,358000,-16000,-4.28,374000,376000,358000,571765,206904334700,68764530,24617701740000
20240123,006400,KR7006400006,삼성SDI,KOSPI,358500,500,.14,354000,362500,354000,533096,191107576570,68764530,24652084005000
20240124,006400,KR7006400006,삼성SDI,KOSPI,354000,-4500,-1.26,358500,361500,350000,519692,184633739000,68764530,24342643620000
20240125,006400,KR7006400006,삼성SDI,KOSPI,347500,-6500,-1.84,351000,353500,345000,436330,152060259500,68764530,23895674175000
20240126,006400,KR7006400006,삼성SDI,KOSPI,360500,13000,3.74,342500,366000,342000,597180,214790818000,68764530,24789613065000
20240129,006400,KR7006400006,삼성SDI,KOSPI,379000,18500,5.13,363500,384000,360500,557298,209918942500,68764530,26061756870000
20240130,006400,KR7006400006,삼성SDI,KOSPI,374500,-4500,-1.19,383500,390000,373500,524836,200823483000,68764530,25752316485000
20240131,006400,KR7006400006,삼성SDI,KOSPI,372500,-2000,-.53,371000,385000,368500,352675,132805151000,68764530,25614787425000
20240201,006400,KR7006400006,삼성SDI,KOSPI,377500,5000,1.34,369000,379500,366000,305271,113497807500,68764530,25958610075000
20240202,006400,KR7006400006,삼성SDI,KOSPI,393000,15500,4.11,377000,395000,376500,380372,148303469500,68764530,27024460290000
20240205,006400,KR7006400006,삼성SDI,KOSPI,387000,-6000,-1.53,396000,399000,387000,327198,128098457500,68764530,26611873110000
20240206,006400,KR7006400006,삼성SDI,KOSPI,374000,-13000,-3.36,382500,385000,374000,348821,131255940500,68764530,25717934220000
20240207,006400,KR7006400006,삼성SDI,KOSPI,382000,8000,2.14,378000,395000,378000,454296,176295445500,68764530,26268050460000
20240208,006400,KR7006400006,삼성SDI,KOSPI,385000,3000,.79,393000,394500,385000,368228,143383852000,68764530,26474344050000
20240213,006400,KR7006400006,삼성SDI,KOSPI,391000,6000,1.56,391000,393000,386000,253552,98922526500,68764530,26886931230000
20240214,006400,KR7006400006,삼성SDI,KOSPI,386500,-4500,-1.15,385000,390000,380000,205747,79107738500,68764530,26577490845000
20240215,006400,KR7006400006,삼성SDI,KOSPI,386000,-500,-.13,393000,393000,385500,258465,100364086500,68764530,26543108580000
20240216,006400,KR7006400006,삼성SDI,KOSPI,404500,18500,4.79,394000,408500,394000,521244,209968977848,68764530,27815252385000
20240219,006400,KR7006400006,삼성SDI,KOSPI,394500,-10000,-2.47,400000,404500,394000,346748,138081747900,68764530,27127607085000
20240220,006400,KR7006400006,삼성SDI,KOSPI,395000,500,.13,394000,396000,386000,231525,90759569000,68764530,27161989350000
20240221,006400,KR7006400006,삼성SDI,KOSPI,400000,5000,1.27,393000,401000,391000,178105,70717279500,68764530,27505812000000
20240222,006400,KR7006400006,삼성SDI,KOSPI,395000,-5000,-1.25,402000,402000,395000,204188,81240046000,68764530,27161989350000
20240223,006400,KR7006400006,삼성SDI,KOSPI,388500,-6500,-1.65,396000,397000,388000,239275,93697201000,68764530,26715019905000
20240226,006400,KR7006400006,삼성SDI,KOSPI,391000,2500,.64,388000,394000,386000,183001,71531879500,68764530,26886931230000
20240227,006400,KR7006400006,삼성SDI,KOSPI,381000,-10000,-2.56,391000,393500,381000,260974,100688259000,68764530,26199285930000
20240228,006400,KR7006400006,삼성SDI,KOSPI,381500,500,.13,384500,393000,381500,191287,73751954000,68764530,26233668195000
20240229,006400,KR7006400006,삼성SDI,KOSPI,377000,-4500,-1.18,381000,382500,376000,246129,93137018000,68764530,25924227810000
20240304,006400,KR7006400006,삼성SDI,KOSPI,374500,-2500,-.66,377500,383000,373500,302231,113942353425,68764530,25752316485000
20240305,006400,KR7006400006,삼성SDI,KOSPI,366500,-8000,-2.14,371000,371500,366000,296735,109258515000,68764530,25202200245000
20240306,006400,KR7006400006,삼성SDI,KOSPI,364500,-2000,-.55,365000,369000,363000,220362,80463893000,68764530,25064671185000
20240307,006400,KR7006400006,삼성SDI,KOSPI,412000,47500,13.03,369000,417000,368000,1771829,710120281000,68764530,28330986360000
20240308,006400,KR7006400006,삼성SDI,KOSPI,426000,14000,3.4,420500,442500,418000,1764503,761622730500,68764530,29293689780000
20240311,006400,KR7006400006,삼성SDI,KOSPI,413500,-12500,-2.93,421000,424500,411000,533937,222433320500,68764530,28434133155000
20240312,006400,KR7006400006,삼성SDI,KOSPI,459500,46000,11.12,421500,461000,421500,1470069,650697201000,68764530,31597301535000
20240313,006400,KR7006400006,삼성SDI,KOSPI,459500,0,0,453500,468500,447000,1060664,486393254000,68764530,31597301535000
20240314,006400,KR7006400006,삼성SDI,KOSPI,446000,-13500,-2.94,454500,465000,441500,799779,359865003500,68764530,30668980380000
20240315,006400,KR7006400006,삼성SDI,KOSPI,425000,-21000,-4.71,437000,438000,422000,785190,335613221500,68764530,29224925250000
20240318,006400,KR7006400006,삼성SDI,KOSPI,444000,19000,4.47,425000,448000,424500,569305,249578732000,68764530,30531451320000
20240319,006400,KR7006400006,삼성SDI,KOSPI,451000,7000,1.58,451500,454500,438500,655915,293146862500,68764530,31012803030000
20240320,006400,KR7006400006,삼성SDI,KOSPI,453000,2000,.44,450500,471500,445500,910857,419149151280,68764530,31150332090000
20240321,006400,KR7006400006,삼성SDI,KOSPI,455500,2500,.55,456000,465000,454000,537490,246475541000,68764530,31322243415000
20240322,006400,KR7006400006,삼성SDI,KOSPI,472500,17000,3.73,454500,475000,453500,779394,364414171000,68764530,32491240425000
20240325,006400,KR7006400006,삼성SDI,KOSPI,486000,13500,2.86,478000,494500,475000,840495,409179508728,68764530,33419561580000
20240326,006400,KR7006400006,삼성SDI,KOSPI,473000,-13000,-2.67,488500,493500,471500,822461,396916734646,68764530,32525622690000
20240327,006400,KR7006400006,삼성SDI,KOSPI,480500,7500,1.59,477000,491500,476500,577141,278976575500,68764530,33041356665000
20240328,006400,KR7006400006,삼성SDI,KOSPI,477500,-3000,-.62,487000,488000,475500,485116,233240273000,68764530,32835063075000
20240329,006400,KR7006400006,삼성SDI,KOSPI,471000,-6500,-1.36,477500,478000,460000,586778,273673352000,68764530,32388093630000
20240401,006400,KR7006400006,삼성SDI,KOSPI,454000,-17000,-3.61,469000,470000,453500,455659,207937501000,68764530,31219096620000
20240402,006400,KR7006400006,삼성SDI,KOSPI,453000,-1000,-.22,453000,463500,452500,369009,168447917000,68764530,31150332090000
20240403,006400,KR7006400006,삼성SDI,KOSPI,428000,-25000,-5.52,441500,445000,428000,601115,260054794000,68764530,29431218840000
20240404,006400,KR7006400006,삼성SDI,KOSPI,442000,14000,3.27,434000,448000,432000,449367,197143020500,68764530,30393922260000
20240405,006400,KR7006400006,삼성SDI,KOSPI,420500,-21500,-4.86,433500,434500,420000,429686,182279169500,68764530,28915484865000
20240408,006400,KR7006400006,삼성SDI,KOSPI,420000,-500,-.12,415500,428500,407000,461096,192048185000,68764530,28881102600000
20240409,006400,KR7006400006,삼성SDI,KOSPI,411000,-9000,-2.14,425000,426500,411000,313504,130511646000,68764530,28262221830000
20240411,006400,KR7006400006,삼성SDI,KOSPI,407500,-3500,-.85,403000,415500,401000,316145,129718952500,68764530,28021545975000
20240412,006400,KR7006400006,삼성SDI,KOSPI,401000,-6500,-1.6,410000,411000,401000,269656,109042963000,68764530,27574576530000
20240415,006400,KR7006400006,삼성SDI,KOSPI,394000,-7000,-1.75,396500,401000,392500,274388,108596416000,68764530,27093224820000
20240416,006400,KR7006400006,삼성SDI,KOSPI,386500,-7500,-1.9,387000,391000,384500,245249,94884089000,68764530,26577490845000
20240417,006400,KR7006400006,삼성SDI,KOSPI,386000,-500,-.13,388500,399500,386000,267059,104634938000,68764530,26543108580000
20240418,006400,KR7006400006,삼성SDI,KOSPI,405500,19500,5.05,390000,408000,390000,322387,129715873500,68764530,27884016915000
20240419,006400,KR7006400006,삼성SDI,KOSPI,401000,-4500,-1.11,400000,411500,395000,335045,134378995500,68764530,27574576530000
20240422,006400,KR7006400006,삼성SDI,KOSPI,421500,20500,5.11,409000,421500,403500,342272,141492570500,68764530,28984249395000
20240423,006400,KR7006400006,삼성SDI,KOSPI,407000,-14500,-3.44,417000,422500,407000,294568,121708113500,68764530,27987163710000
20240424,006400,KR7006400006,삼성SDI,KOSPI,422000,15000,3.69,422000,428500,417000,337918,142599961500,68764530,29018631660000
20240425,006400,KR7006400006,삼성SDI,KOSPI,413500,-8500,-2.01,414000,425000,413500,252901,105627123500,68764530,28434133155000
20240426,006400,KR7006400006,삼성SDI,KOSPI,408500,-5000,-1.21,414500,416500,406000,239111,97915559000,68764530,28090310505000
20240429,006400,KR7006400006,삼성SDI,KOSPI,421000,12500,3.06,412000,421000,411000,233608,97463209000,68764530,28949867130000
20240430,006400,KR7006400006,삼성SDI,KOSPI,434000,13000,3.09,426000,439500,418500,482425,207315580500,68764530,29843806020000
20240502,006400,KR7006400006,삼성SDI,KOSPI,443500,9500,2.19,438000,452500,437500,467701,208201654000,68764530,30497069055000
20240503,006400,KR7006400006,삼성SDI,KOSPI,438000,-5500,-1.24,443000,445000,436000,196672,86561251500,68764530,30118864140000
20240507,006400,KR7006400006,삼성SDI,KOSPI,435000,-3000,-.68,444500,446000,431500,265531,115887409500,68764530,29912570550000
20240508,006400,KR7006400006,삼성SDI,KOSPI,437000,2000,.46,435500,441000,432000,156159,68160875500,68764530,30050099610000
20240509,006400,KR7006400006,삼성SDI,KOSPI,430500,-6500,-1.49,434000,436000,426000,242808,104501453000,68764530,29603130165000
20240510,006400,KR7006400006,삼성SDI,KOSPI,429000,-1500,-.35,433500,435500,427000,144928,62391440000,68764530,29499983370000
20240513,006400,KR7006400006,삼성SDI,KOSPI,433000,4000,.93,429000,435000,422000,195554,83854648000,68764530,29775041490000
20240514,006400,KR7006400006,삼성SDI,KOSPI,438500,5500,1.27,435500,443500,430500,185778,81581238000,68764530,30153246405000
20240516,006400,KR7006400006,삼성SDI,KOSPI,441500,3000,.68,441500,444000,437000,216078,95402006500,68764530,30359539995000
20240517,006400,KR7006400006,삼성SDI,KOSPI,431000,-10500,-2.38,439500,444000,429500,178628,77581559000,68764530,29637512430000
20240520,006400,KR7006400006,삼성SDI,KOSPI,424000,-7000,-1.62,429500,431500,423500,183645,78203579000,68764530,29156160720000
20240521,006400,KR7006400006,삼성SDI,KOSPI,411500,-12500,-2.95,421000,421500,410000,262133,108320908500,68764530,28296604095000
20240522,006400,KR7006400006,삼성SDI,KOSPI,408500,-3000,-.73,416000,418500,408500,205086,84536312500,68764530,28090310505000
20240523,006400,KR7006400006,삼성SDI,KOSPI,405500,-3000,-.73,406000,414500,404000,261313,106365111500,68764530,27884016915000
20240524,006400,KR7006400006,삼성SDI,KOSPI,401000,-4500,-1.11,401000,404000,398000,199162,79770775500,68764530,27574576530000
20240527,006400,KR7006400006,삼성SDI,KOSPI,415000,14000,3.49,401000,416000,393500,288086,116535242000,68764530,28537279950000
20240528,006400,KR7006400006,삼성SDI,KOSPI,404500,-10500,-2.53,414500,414500,403500,199641,81124549500,68764530,27815252385000
20240529,006400,KR7006400006,삼성SDI,KOSPI,385000,-19500,-4.82,400000,403000,385000,590144,230425054400,68764530,26474344050000
20240530,006400,KR7006400006,삼성SDI,KOSPI,379000,-6000,-1.56,381000,388500,379000,298981,114091493000,68764530,26061756870000
20240531,006400,KR7006400006,삼성SDI,KOSPI,374500,-4500,-1.19,382500,386500,374500,470697,177507220000,68764530,25752316485000
20240603,006400,KR7006400006,삼성SDI,KOSPI,377000,2500,.67,375000,385000,375000,255766,97053541000,68764530,25924227810000
20240604,006400,KR7006400006,삼성SDI,KOSPI,378000,1000,.27,375000,384000,374000,220476,83473570500,68764530,25992992340000
20240605,006400,KR7006400006,삼성SDI,KOSPI,391500,13500,3.57,380500,399500,379000,429783,168284371160,68764530,26921313495000
20240607,006400,KR7006400006,삼성SDI,KOSPI,399000,7500,1.92,396500,402000,393500,305543,121732397500,68764530,27437047470000
20240610,006400,KR7006400006,삼성SDI,KOSPI,393000,-6000,-1.5,395500,401500,387000,327819,128809684000,68764530,27024460290000
20240611,006400,KR7006400006,삼성SDI,KOSPI,392500,-500,-.13,393000,401500,388500,336622,132831505000,68764530,26990078025000
20240612,006400,KR7006400006,삼성SDI,KOSPI,393500,1000,.25,391000,401000,391000,191642,75831478500,68764530,27058842555000
20240613,006400,KR7006400006,삼성SDI,KOSPI,391500,-2000,-.51,400000,402000,391500,390293,154134236000,68764530,26921313495000
20240614,006400,KR7006400006,삼성SDI,KOSPI,383500,-8000,-2.04,391500,392500,383000,322311,124218244000,68764530,26371197255000
20240617,006400,KR7006400006,삼성SDI,KOSPI,381000,-2500,-.65,380500,384500,377000,225594,85836192000,68764530,26199285930000
20240618,006400,KR7006400006,삼성SDI,KOSPI,375000,-6000,-1.57,383500,386500,375000,258029,97762091000,68764530,25786698750000
20240619,006400,KR7006400006,삼성SDI,KOSPI,392500,17500,4.67,378000,395500,376000,337842,130738351000,68764530,26990078025000
20240620,006400,KR7006400006,삼성SDI,KOSPI,392000,-500,-.13,390000,395000,388500,215377,84340409000,68764530,26955695760000
20240621,006400,KR7006400006,삼성SDI,KOSPI,389000,-3000,-.77,391000,400000,389000,326437,128190186000,68764530,26749402170000
20240624,006400,KR7006400006,삼성SDI,KOSPI,377500,-11500,-2.96,384500,385000,377500,296362,112642059000,68764530,25958610075000
20240625,006400,KR7006400006,삼성SDI,KOSPI,368500,-9000,-2.38,378000,381500,368000,395918,147472478000,68764530,25339729305000
20240626,006400,KR7006400006,삼성SDI,KOSPI,369000,500,.14,372000,379000,369000,310007,115353893000,68764530,25374111570000
20240627,006400,KR7006400006,삼성SDI,KOSPI,361000,-8000,-2.17,372500,374000,361000,448702,163863093500,68764530,24823995330000
20240628,006400,KR7006400006,삼성SDI,KOSPI,354000,-7000,-1.94,359000,362500,351000,545864,193774768000,68764530,24342643620000
20240701,006400,KR7006400006,삼성SDI,KOSPI,367000,13000,3.67,352500,368500,352000,455716,165061027000,68764530,25236582510000
20240702,006400,KR7006400006,삼성SDI,KOSPI,351500,-15500,-4.22,365000,369500,351500,516425,183869397500,68764530,24170732295000
20240703,006400,KR7006400006,삼성SDI,KOSPI,366500,15000,4.27,357000,368000,353500,636916,230061623500,68764530,25202200245000
20240704,006400,KR7006400006,삼성SDI,KOSPI,374500,8000,2.18,371500,376000,368500,464023,173034631736,68764530,25752316485000
20240705,006400,KR7006400006,삼성SDI,KOSPI,382000,7500,2,387500,390000,378500,536501,205473518000,68764530,26268050460000
20240708,006400,KR7006400006,삼성SDI,KOSPI,381500,-500,-.13,382000,386000,374000,293821,112088363500,68764530,26233668195000
20240709,006400,KR7006400006,삼성SDI,KOSPI,382500,1000,.26,385000,387500,382000,271592,104431360000,68764530,26302432725000
20240710,006400,KR7006400006,삼성SDI,KOSPI,373000,-9500,-2.48,377500,381000,370500,345711,129364934000,68764530,25649169690000
20240711,006400,KR7006400006,삼성SDI,KOSPI,389500,16500,4.42,375500,389500,369000,625762,238890096000,68764530,26783784435000
20240712,006400,KR7006400006,삼성SDI,KOSPI,380000,-9500,-2.44,386000,389500,378000,436667,166315050000,68764530,26130521400000
20240715,006400,KR7006400006,삼성SDI,KOSPI,377500,-2500,-.66,380000,383000,375000,227369,85924027000,68764530,25958610075000
20240716,006400,KR7006400006,삼성SDI,KOSPI,360000,-17500,-4.64,376000,377000,359500,582218,212205746500,68764530,24755230800000
20240717,006400,KR7006400006,삼성SDI,KOSPI,356000,-4000,-1.11,357000,361500,356000,371761,133038265500,68764530,24480172680000
20240718,006400,KR7006400006,삼성SDI,KOSPI,355000,-1000,-.28,351000,359000,350500,290914,103281416000,68764530,24411408150000
20240719,006400,KR7006400006,삼성SDI,KOSPI,357500,2500,.7,354500,358500,352000,267075,94887048000,68764530,24583319475000
20240722,006400,KR7006400006,삼성SDI,KOSPI,342500,-15000,-4.2,356000,357000,342000,398483,137833158500,68764530,23551851525000
20240723,006400,KR7006400006,삼성SDI,KOSPI,335500,-7000,-2.04,344500,346000,334000,390417,131878969500,68764530,23070499815000
20240724,006400,KR7006400006,삼성SDI,KOSPI,333500,-2000,-.6,331500,340500,330000,231832,77613608000,68764530,22932970755000
20240725,006400,KR7006400006,삼성SDI,KOSPI,343500,10000,3,328500,348000,328500,400368,136383552000,68764530,23620616055000
20240726,006400,KR7006400006,삼성SDI,KOSPI,339000,-4500,-1.31,341500,346500,337000,179285,61228767500,68764530,23311175670000
20240729,006400,KR7006400006,삼성SDI,KOSPI,335500,-3500,-1.03,337500,341000,331500,279493,93994878000,68764530,23070499815000
20240730,006400,KR7006400006,삼성SDI,KOSPI,330500,-5000,-1.49,333000,344500,330500,423808,141982847000,68764530,22726677165000
20240731,006400,KR7006400006,삼성SDI,KOSPI,319500,-11000,-3.33,330000,331500,312000,808998,258022147000,68764530,21970267335000
20240801,006400,KR7006400006,삼성SDI,KOSPI,334000,14500,4.54,320000,337500,318500,457374,150295220000,68764530,22967353020000
20240802,006400,KR7006400006,삼성SDI,KOSPI,336500,2500,.75,326000,341000,325500,428561,143839030500,68764530,23139264345000
20240805,006400,KR7006400006,삼성SDI,KOSPI,304000,-32500,-9.66,331500,332500,294500,588001,184970914500,68764530,20904417120000
20240806,006400,KR7006400006,삼성SDI,KOSPI,318500,14500,4.77,308500,322500,308500,406677,128965616000,68764530,21901502805000
20240807,006400,KR7006400006,삼성SDI,KOSPI,316000,-2500,-.78,312000,324500,312000,260387,82795619000,68764530,21729591480000
20240808,006400,KR7006400006,삼성SDI,KOSPI,303000,-13000,-4.11,309500,313500,303000,357536,109265582500,68764530,20835652590000
20240809,006400,KR7006400006,삼성SDI,KOSPI,310000,7000,2.31,308000,315500,304500,352311,109075303500,68764530,21317004300000
20240812,006400,KR7006400006,삼성SDI,KOSPI,319500,9500,3.06,311000,322500,311000,276860,88281686000,68764530,21970267335000
20240813,006400,KR7006400006,삼성SDI,KOSPI,315500,-4000,-1.25,316500,325000,311500,274332,86975879000,68764530,21695209215000
20240814,006400,KR7006400006,삼성SDI,KOSPI,323500,8000,2.54,322000,325500,319000,254144,81906169500,68764530,22245325455000
20240816,006400,KR7006400006,삼성SDI,KOSPI,320500,-3000,-.93,329500,331500,320000,374911,121546612508,68764530,22039031865000
20240819,006400,KR7006400006,삼성SDI,KOSPI,309000,-11500,-3.59,319500,319500,309000,378524,118506831500,68764530,21248239770000
20240820,006400,KR7006400006,삼성SDI,KOSPI,311000,2000,.65,312500,313500,305500,402441,124395874143,68764530,21385768830000
20240821,006400,KR7006400006,삼성SDI,KOSPI,328500,17500,5.63,309000,336000,308500,744340,242076301500,68764530,22589148105000
20240822,006400,KR7006400006,삼성SDI,KOSPI,335500,7000,2.13,326500,338000,326500,434679,144859268500,68764530,23070499815000
20240823,006400,KR7006400006,삼성SDI,KOSPI,330500,-5000,-1.49,331500,335500,327000,194293,64225256000,68764530,22726677165000
20240826,006400,KR7006400006,삼성SDI,KOSPI,332000,1500,.45,334000,338500,329000,295574,98477781000,68764530,22829823960000
20240827,006400,KR7006400006,삼성SDI,KOSPI,338000,6000,1.81,332500,346000,328500,417485,141888349500,68764530,23242411140000
20240828,006400,KR7006400006,삼성SDI,KOSPI,339500,1500,.44,343500,350500,337000,562530,193636505500,68764530,23345557935000
20240829,006400,KR7006400006,삼성SDI,KOSPI,358500,19000,5.6,339000,362500,338000,759750,269212984500,68764530,24652084005000
20240830,006400,KR7006400006,삼성SDI,KOSPI,354000,-4500,-1.26,360500,361000,352000,382399,136122260500,68764530,24342643620000
20240902,006400,KR7006400006,삼성SDI,KOSPI,369000,15000,4.24,359000,373000,358500,697416,256626097500,68764530,25374111570000
20240903,006400,KR7006400006,삼성SDI,KOSPI,371000,2000,.54,373500,380000,366000,504052,187565984000,68764530,25511640630000
20240904,006400,KR7006400006,삼성SDI,KOSPI,358000,-13000,-3.5,356500,366500,355500,444422,160125387000,68764530,24617701740000
20240905,006400,KR7006400006,삼성SDI,KOSPI,365500,7500,2.09,363500,372500,357000,390367,142573374500,68764530,25133435715000
20240906,006400,KR7006400006,삼성SDI,KOSPI,343000,-22500,-6.16,367500,370500,341000,587735,206301133500,68764530,23586233790000
20240909,006400,KR7006400006,삼성SDI,KOSPI,344000,1000,.29,337500,347000,333000,252703,86463586500,68764530,23654998320000
20240910,006400,KR7006400006,삼성SDI,KOSPI,333000,-11000,-3.2,346000,348000,332000,331169,111283123000,68764530,22898588490000
20240911,006400,KR7006400006,삼성SDI,KOSPI,366000,33000,9.91,333000,367500,332500,702797,249958505500,68764530,25167817980000
20240912,006400,KR7006400006,삼성SDI,KOSPI,364000,-2000,-.55,368000,371000,359000,449547,163697028000,68764530,25030288920000
20240913,006400,KR7006400006,삼성SDI,KOSPI,365000,1000,.27,365000,371000,360500,273600,99878967500,68764530,25099053450000
20240919,006400,KR7006400006,삼성SDI,KOSPI,372000,7000,1.92,374000,378000,366000,368651,136676846000,68764530,25580405160000
20240920,006400,KR7006400006,삼성SDI,KOSPI,376500,4500,1.21,376000,382500,371500,453676,171027923500,68764530,25889845545000
20240923,006400,KR7006400006,삼성SDI,KOSPI,379000,2500,.66,377500,381000,372000,274345,103386416000,68764530,26061756870000
20240924,006400,KR7006400006,삼성SDI,KOSPI,387500,8500,2.24,380500,393000,380000,487932,188917757000,68764530,26646255375000
20240925,006400,KR7006400006,삼성SDI,KOSPI,381500,-6000,-1.55,389000,391000,381000,356083,137630067000,68764530,26233668195000
20240926,006400,KR7006400006,삼성SDI,KOSPI,387500,6000,1.57,382000,387500,373000,374940,143130107500,68764530,26646255375000
20240927,006400,KR7006400006,삼성SDI,KOSPI,384000,-3500,-.9,388000,391000,381500,235806,91053879500,68764530,26405579520000
20240930,006400,KR7006400006,삼성SDI,KOSPI,378500,-5500,-1.43,389000,393500,378500,323768,124434393000,68764530,26027374605000
20241002,006400,KR7006400006,삼성SDI,KOSPI,371500,-7000,-1.85,372000,379000,370500,279245,104402007500,68764530,25546022895000
20241004,006400,KR7006400006,삼성SDI,KOSPI,361500,-10000,-2.69,367000,369500,361000,345852,125858421500,68764530,24858377595000
20241007,006400,KR7006400006,삼성SDI,KOSPI,367500,6000,1.66,365000,369500,358000,362434,132528733000,68764530,25270964775000
20241008,006400,KR7006400006,삼성SDI,KOSPI,371000,3500,.95,364000,375000,361000,298267,109754130000,68764530,25511640630000
20241010,006400,KR7006400006,삼성SDI,KOSPI,369500,-1500,-.4,374000,375000,369000,274438,101895350000,68764530,25408493835000
20241011,006400,KR7006400006,삼성SDI,KOSPI,373000,3500,.95,373000,386000,369000,422704,159787456000,68764530,25649169690000
20241014,006400,KR7006400006,삼성SDI,KOSPI,359000,-14000,-3.75,365500,367000,358000,318814,115154224500,68764530,24686466270000
20241015,006400,KR7006400006,삼성SDI,KOSPI,351000,-8000,-2.23,362000,364000,347500,444739,156594200000,68764530,24136350030000
20241016,006400,KR7006400006,삼성SDI,KOSPI,340000,-11000,-3.13,353000,353500,340000,400446,137635566000,68764530,23379940200000
20241017,006400,KR7006400006,삼성SDI,KOSPI,334000,-6000,-1.76,340500,344500,334000,294098,99527073250,68764530,22967353020000
20241018,006400,KR7006400006,삼성SDI,KOSPI,330000,-4000,-1.2,334500,336500,327000,243151,80486680500,68764530,22692294900000
20241021,006400,KR7006400006,삼성SDI,KOSPI,334500,4500,1.36,331000,341500,331000,164920,55516799500,68764530,23001735285000
20241022,006400,KR7006400006,삼성SDI,KOSPI,324000,-10500,-3.14,334000,336000,323500,214937,70081084000,68764530,22279707720000
20241023,006400,KR7006400006,삼성SDI,KOSPI,331000,7000,2.16,324000,334000,322500,224501,73753409000,68764530,22761059430000
20241024,006400,KR7006400006,삼성SDI,KOSPI,327500,-3500,-1.06,335500,339000,326000,249042,82520676000,68764530,22520383575000
20241025,006400,KR7006400006,삼성SDI,KOSPI,322000,-5500,-1.68,333500,335000,321000,217621,70806140500,68764530,22142178660000
20241028,006400,KR7006400006,삼성SDI,KOSPI,348500,26500,8.23,322500,348500,322500,448604,152442136500,68764530,23964438705000
20241029,006400,KR7006400006,삼성SDI,KOSPI,344000,-4500,-1.29,344000,351000,336500,282432,96575648000,68764530,23654998320000
20241030,006400,KR7006400006,삼성SDI,KOSPI,339000,-5000,-1.45,339500,347000,335500,261901,89022147428,68764530,23311175670000
20241031,006400,KR7006400006,삼성SDI,KOSPI,327000,-12000,-3.54,334500,341000,327000,378994,125792837000,68764530,22486001310000
20241101,006400,KR7006400006,삼성SDI,KOSPI,331500,4500,1.38,325500,337500,323500,201852,66968311000,68764530,22795441695000
20241104,006400,KR7006400006,삼성SDI,KOSPI,337500,6000,1.81,335500,338000,328000,338677,113173830000,68764530,23208028875000
20241105,006400,KR7006400006,삼성SDI,KOSPI,317500,-20000,-5.93,332500,333000,316000,858257,275201144500,68764530,21832738275000
20241106,006400,KR7006400006,삼성SDI,KOSPI,298500,-19000,-5.98,321000,322500,298000,915616,280167244000,68764530,20526212205000
20241107,006400,KR7006400006,삼성SDI,KOSPI,288000,-10500,-3.52,296000,298000,286000,963012,279626875500,68764530,19804184640000
20241108,006400,KR7006400006,삼성SDI,KOSPI,284500,-3500,-1.22,290000,293500,284000,730613,211081426500,68764530,19563508785000
20241111,006400,KR7006400006,삼성SDI,KOSPI,274500,-10000,-3.51,285500,287500,273500,661555,183543557500,68764530,18875863485000
20241112,006400,KR7006400006,삼성SDI,KOSPI,264500,-10000,-3.64,274000,276000,263500,755539,202213169500,68764530,18188218185000
20241113,006400,KR7006400006,삼성SDI,KOSPI,255500,-9000,-3.4,261000,265500,255000,561453,145489398500,68764530,17569337415000
20241114,006400,KR7006400006,삼성SDI,KOSPI,264500,9000,3.52,262000,270500,261500,762642,203014015500,68764530,18188218185000
20241115,006400,KR7006400006,삼성SDI,KOSPI,246500,-18000,-6.81,250000,253500,235500,1275347,310890340500,68764530,16950456645000
20241118,006400,KR7006400006,삼성SDI,KOSPI,262500,16000,6.49,247000,262500,246500,522947,134348504000,68764530,18050689125000
20241119,006400,KR7006400006,삼성SDI,KOSPI,259000,-3500,-1.33,260000,262000,252500,388753,99997211000,68764530,17810013270000
20241120,006400,KR7006400006,삼성SDI,KOSPI,259500,500,.19,257500,264000,256000,358506,93123227000,68764530,17844395535000
20241121,006400,KR7006400006,삼성SDI,KOSPI,264500,5000,1.93,259500,267000,257000,310598,81542589500,68764530,18188218185000
20241122,006400,KR7006400006,삼성SDI,KOSPI,269000,4500,1.7,267000,275000,265500,337953,91765014000,68764530,18497658570000
20241125,006400,KR7006400006,삼성SDI,KOSPI,277500,8500,3.16,272500,282000,272000,542729,150871436000,68764530,19082157075000
20241126,006400,KR7006400006,삼성SDI,KOSPI,278500,1000,.36,279000,284000,274000,329790,91833865500,68764530,19150921605000
20241127,006400,KR7006400006,삼성SDI,KOSPI,268000,-10500,-3.77,278500,280000,266500,307222,83468123000,68764530,18428894040000
20241128,006400,KR7006400006,삼성SDI,KOSPI,272000,4000,1.49,266000,272000,264500,276948,74341719500,68764530,18703952160000
20241129,006400,KR7006400006,삼성SDI,KOSPI,254500,-17500,-6.43,269500,270000,254500,528933,136777440500,68764530,17500572885000
20241202,006400,KR7006400006,삼성SDI,KOSPI,259000,4500,1.77,259000,264000,256500,263742,68536491500,68764530,17810013270000
20241203,006400,KR7006400006,삼성SDI,KOSPI,261000,2000,.77,264000,268000,259000,412398,108131219500,68764530,17947542330000
20241204,006400,KR7006400006,삼성SDI,KOSPI,259000,-2000,-.77,253000,260500,252500,464473,118912525000,68764530,17810013270000
20241205,006400,KR7006400006,삼성SDI,KOSPI,251500,-7500,-2.9,259000,259500,251000,305249,77852533000,68764530,17294279295000
20241206,006400,KR7006400006,삼성SDI,KOSPI,251500,0,0,251000,258000,244500,357397,89889464000,68764530,17294279295000
20241209,006400,KR7006400006,삼성SDI,KOSPI,239500,-12000,-4.77,246000,248500,238500,385207,93769468500,68764530,16469104935000
20241210,006400,KR7006400006,삼성SDI,KOSPI,252500,13000,5.43,242000,254000,242000,283648,71029410500,68764530,17363043825000
20241211,006400,KR7006400006,삼성SDI,KOSPI,248500,-4000,-1.58,251500,255500,246000,261075,65280972500,68764530,17087985705000
20241212,006400,KR7006400006,삼성SDI,KOSPI,255000,6500,2.62,251000,258500,247000,487555,123541666000,68764530,17534955150000
20241213,006400,KR7006400006,삼성SDI,KOSPI,260500,5500,2.16,257000,263000,253000,407922,105485378500,68764530,17913160065000
20241216,006400,KR7006400006,삼성SDI,KOSPI,263000,2500,.96,264500,268000,261000,255208,67371624000,68764530,18085071390000
20241217,006400,KR7006400006,삼성SDI,KOSPI,247000,-16000,-6.08,261000,262000,245000,634840,158764603000,68764530,16984838910000
20241218,006400,KR7006400006,삼성SDI,KOSPI,258000,11000,4.45,250000,259500,248000,395544,101202024000,68764530,17741248740000
20241219,006400,KR7006400006,삼성SDI,KOSPI,254000,-4000,-1.55,250500,257500,248500,291544,73716879000,68764530,17466190620000
20241220,006400,KR7006400006,삼성SDI,KOSPI,248000,-6000,-2.36,258500,258500,248000,460637,115551267500,68764530,17053603440000
20241223,006400,KR7006400006,삼성SDI,KOSPI,256000,8000,3.23,251000,258000,243500,306213,77252945000,68764530,17603719680000
20241224,006400,KR7006400006,삼성SDI,KOSPI,255000,-1000,-.39,256500,261000,254500,202305,51996821500,68764530,17534955150000
20241226,006400,KR7006400006,삼성SDI,KOSPI,247000,-8000,-3.14,256000,256500,247000,212529,53045553000,68764530,16984838910000
20241227,006400,KR7006400006,삼성SDI,KOSPI,248000,1000,.4,245500,250000,242500,213784,52682388000,68764530,17053603440000
20241230,006400,KR7006400006,삼성SDI,KOSPI,247500,-500,-.2,247000,254000,247000,195241,48926558000,68764530,17019221175000
