date,기아_quantity,기아_value,대우건설_quantity,대우건설_value,대한항공_quantity,대한항공_value,현대차_quantity,현대차_value,KB금융_quantity,KB금융_value,KT_quantity,KT_value,SK하이닉스_quantity,SK하이닉스_value,HMM_quantity,HMM_value,NAVER_quantity,NAVER_value
2024-01-02,10245.0,999912000.0,,,,,,,,,,,,,,,,
2024-01-03,3519.0,330082200.0,12862.0,52862820.0,3677.0,84571000.0,771.0,149419800.0,,,,,,,,,,
2024-01-04,5350.0,497015000.0,,,,,1227.0,233130000.0,2146.0,110948200.0,1387.0,46533850.0,490.0,66836000.0,,,,
2024-01-05,6971.0,638543600.0,,,,,1265.0,236934500.0,1338.0,68639400.0,,,,,,,,
2024-01-08,6971.0,619721900.0,,,,,786.0,145960200.0,,,,,333.0,45288000.0,,,,
2024-01-09,6971.0,621116100.0,,,,,487.0,90387200.0,,,,,,,4920.0,96973200.0,,
2024-01-10,5413.0,489876500.0,,,,,,,,,,,,,12077.0,230429160.0,,
2024-01-11,8066.0,723520200.0,12587.0,53368880.0,3297.0,76325550.0,,,1609.0,82059000.0,,,,,,,,
2024-01-12,7655.0,675936500.0,15252.0,64134660.0,2426.0,55434100.0,300.0,55800000.0,,,,,531.0,71207100.0,,,,
2024-01-15,7937.0,721473300.0,53730.0,220024350.0,,,,,,,,,,,,,,
2024-01-16,7359.0,660838200.0,,,,,410.0,76342000.0,,,2516.0,83405400.0,847.0,111888700.0,,,,
2024-01-17,4829.0,424469100.0,10581.0,42429810.0,2224.0,49150400.0,636.0,115624800.0,,,,,345.0,45195000.0,,,,
2024-01-18,4829.0,421571700.0,7624.0,30267280.0,,,679.0,122355800.0,1190.0,58786000.0,,,,,4572.0,89565480.0,530.0,114745000.0
2024-01-19,4829.0,423020400.0,,,,,333.0,60506100.0,,,,,,,8840.0,169904800.0,257.0,55383500.0
2024-01-22,6114.0,533140800.0,21545.0,83594600.0,1660.0,37350000.0,438.0,78883800.0,,,,,,,9333.0,174993750.0,,
2024-01-23,9308.0,818173200.0,,,,,,,,,,,756.0,106444800.0,,,,
2024-01-24,10526.0,925235400.0,,,,,,,,,,,,,,,,
2024-01-25,3324.0,309132000.0,,,,,,,,,,,,,,,,
2024-01-26,5032.0,475020800.0,,,,,,,,,,,3739.0,508504000.0,,,,
2024-01-29,,,,,,,,,,,,,7463.0,1007505000.0,,,,
2024-01-30,5605.0,549290000.0,,,,,1319.0,250610000.0,,,,,,,,,1058.0,221651000.0
2024-01-31,,,85080.0,334789800.0,,,,,,,,,1081.0,145610700.0,,,2819.0,565209500.0
2024-02-01,,,,,,,,,,,,,7926.0,1051780200.0,,,,
2024-02-02,,,,,,,,,,,,,,,,,,
2024-02-05,,,,,,,,,8836.0,554017200.0,,,3894.0,515176200.0,,,,
2024-02-06,5781.0,645159600.0,47360.0,183993600.0,,,,,,,,,,,,,1293.0,265711500.0
2024-02-07,6845.0,785121500.0,,,,,,,,,,,,,,,1604.0,328018000.0
2024-02-08,6504.0,736252800.0,,,,,,,,,,,,,,,,
2024-02-13,,,,,,,,,,,,,,,63490.0,1131391800.0,,
2024-02-14,,,62639.0,246484465.0,,,,,4705.0,316646500.0,,,,,31764.0,563811000.0,,
2024-02-15,4506.0,511431000.0,,,4438.0,101630200.0,275.0,66000000.0,4124.0,268472400.0,,,,,9172.0,160418280.0,,
2024-02-16,7561.0,875563800.0,,,,,,,,,,,1777.0,260863600.0,,,,
2024-02-19,9848.0,1158124800.0,,,,,,,,,,,,,,,,
2024-02-20,6281.0,729224100.0,53821.0,215822210.0,,,,,,,,,,,,,,
2024-02-21,2844.0,332179200.0,,,,,437.0,104661500.0,5564.0,362216400.0,,,,,,,,
2024-02-22,,,,,,,,,17800.0,1155220000.0,,,,,,,,
2024-02-23,6254.0,740473600.0,,,8863.0,205621600.0,,,,,5714.0,225131600.0,,,,,,
2024-02-26,5978.0,685078800.0,,,,,,,,,3448.0,133437600.0,,,,,,
2024-02-27,5633.0,634275800.0,,,2699.0,60997400.0,,,1097.0,68452800.0,2707.0,103136700.0,951.0,146263800.0,6232.0,114481840.0,,
2024-02-28,8387.0,987149900.0,,,,,,,,,,,,,9481.0,174165970.0,,
2024-02-29,,,68270.0,271714600.0,,,,,,,,,,,,,4850.0,945750000.0
2024-03-04,,,53033.0,208684855.0,7980.0,180348000.0,,,,,,,,,,,2706.0,519552000.0
2024-03-05,,,34178.0,132781530.0,,,,,,,,,,,11260.0,199076800.0,1584.0,298900800.0
2024-03-06,2142.0,272034000.0,,,,,,,,,,,,,52935.0,910482000.0,,
2024-03-07,4807.0,606162700.0,32438.0,123426590.0,,,,,,,,,,,25926.0,441001260.0,,
2024-03-08,4807.0,617218800.0,,,,,,,,,,,,,23553.0,399223350.0,,
2024-03-11,4871.0,614720200.0,,,,,847.0,206244500.0,,,3066.0,117274500.0,,,13531.0,224885220.0,,
2024-03-12,4871.0,614233100.0,,,,,656.0,158424000.0,,,3123.0,118517850.0,,,10051.0,165841500.0,,
2024-03-13,6332.0,797198800.0,36145.0,133555775.0,,,,,,,,,,,14090.0,228962500.0,,
2024-03-14,9199.0,1182071500.0,,,,,,,,,,,,,,,,
2024-03-15,5928.0,741000000.0,,,,,314.0,76459000.0,,,,,,,,,,
2024-03-18,5042.0,645376000.0,,,5874.0,128053200.0,314.0,76145000.0,4081.0,303626400.0,,,,,,,,
2024-03-19,5384.0,640157600.0,13312.0,49720320.0,2308.0,49275800.0,338.0,80275000.0,1636.0,118610000.0,1571.0,58676850.0,162.0,25952400.0,,,,
2024-03-20,8429.0,975235300.0,,,,,,,,,783.0,29205900.0,358.0,56027000.0,2234.0,35073800.0,,
2024-03-21,9522.0,1101695400.0,,,,,,,,,,,,,,,,
2024-03-22,8977.0,1013503300.0,,,,,,,,,,,,,,,,
2024-03-25,7528.0,839372000.0,7454.0,27952500.0,,,213.0,51013500.0,,,736.0,27857600.0,,,,,,
2024-03-26,7528.0,861203200.0,,,,,155.0,37277500.0,1089.0,78190200.0,,,,,2083.0,32140690.0,,
2024-03-27,7832.0,889715200.0,,,,,,,2709.0,186921000.0,,,,,,,,
2024-03-28,8017.0,897904000.0,,,,,,,693.0,48717900.0,1090.0,41365500.0,,,,,,
2024-03-29,7765.0,855703000.0,,,,,396.0,92268000.0,1015.0,70542500.0,899.0,33892300.0,,,,,,
2024-04-01,7649.0,831446300.0,,,,,396.0,90090000.0,1330.0,90972000.0,,,,,,,,
2024-04-02,7560.0,791532000.0,,,824.0,17839600.0,396.0,87120000.0,540.0,37206000.0,969.0,35853000.0,,,,,,
2024-04-03,7237.0,736726600.0,,,587.0,12620500.0,419.0,90504000.0,939.0,63194700.0,969.0,34932450.0,,,,,,
2024-04-04,8957.0,955711900.0,,,1162.0,24692500.0,,,,,520.0,18902000.0,,,1384.0,21687280.0,,
2024-04-05,8371.0,878955000.0,,,765.0,16141500.0,,,,,498.0,18002700.0,,,1384.0,21285920.0,,
2024-04-08,8051.0,873533500.0,,,,,,,,,,,,,5411.0,81435550.0,137.0,26016300.0
2024-04-09,8545.0,922860000.0,,,,,215.0,49020000.0,900.0,62190000.0,,,,,,,,
2024-04-11,7478.0,835292600.0,,,,,,,1271.0,86809300.0,,,,,,,,
2024-04-12,7474.0,820645200.0,,,,,,,1769.0,117284700.0,2452.0,84839200.0,,,,,,
2024-04-15,7657.0,877492200.0,,,1185.0,24055500.0,,,1409.0,93275800.0,1874.0,64559300.0,,,,,148.0,27054400.0
2024-04-16,5756.0,660213200.0,5201.0,18749605.0,1003.0,20039940.0,,,1409.0,90739600.0,1002.0,34318500.0,,,,,232.0,41644000.0
2024-04-17,6283.0,710607300.0,,,,,384.0,89664000.0,1647.0,103925700.0,1606.0,53961600.0,101.0,18048700.0,5349.0,78630300.0,94.0,16882400.0
2024-04-18,7565.0,848793000.0,,,,,402.0,92862000.0,738.0,47232000.0,887.0,29847550.0,,,3295.0,48304700.0,,
2024-04-19,7565.0,835176000.0,,,,,103.0,24205000.0,958.0,61024600.0,1158.0,38561400.0,,,,,,
2024-04-22,9109.0,1048445900.0,,,,,,,,,,,304.0,52166400.0,,,,
2024-04-23,8179.0,947946100.0,,,,,,,,,,,193.0,33003000.0,,,,
2024-04-24,8045.0,934829000.0,,,,,,,,,,,,,5335.0,79758250.0,,
2024-04-25,7507.0,875316200.0,,,,,,,833.0,57726900.0,1094.0,37305400.0,,,4705.0,69869250.0,,
2024-04-26,9258.0,1094295600.0,,,,,,,,,,,,,,,217.0,39385500.0
2024-04-29,9340.0,1104922000.0,,,,,,,,,,,173.0,30430700.0,,,,
2024-04-30,8701.0,1026718000.0,,,,,,,,,,,173.0,30136600.0,,,,
2024-05-02,7724.0,923790400.0,,,,,,,,,,,181.0,31421600.0,,,,
2024-05-03,8022.0,913705800.0,,,,,,,486.0,35818200.0,,,108.0,18705600.0,3551.0,54365810.0,,
2024-05-07,8964.0,1037134800.0,,,,,172.0,41624000.0,542.0,40053800.0,,,,,,,,
2024-05-08,8937.0,1036692000.0,,,,,97.0,23474000.0,,,,,,,,,,
2024-05-09,8077.0,902200900.0,,,,,219.0,51903000.0,497.0,38070200.0,,,,,,,,
2024-05-10,9348.0,1066606800.0,,,,,,,,,,,,,,,211.0,39794600.0
2024-05-13,8983.0,1026756900.0,,,,,,,,,,,,,,,211.0,38887300.0
2024-05-14,8656.0,985918400.0,,,,,,,,,,,,,,,241.0,44440400.0
2024-05-16,7638.0,876078600.0,,,,,,,215.0,17415000.0,,,,,,,,
2024-05-17,7417.0,835895900.0,,,832.0,18054400.0,110.0,26840000.0,527.0,42212700.0,,,,,10706.0,173223080.0,,
2024-05-20,9187.0,1055586300.0,,,,,,,,,,,,,,,397.0,73048000.0
2024-05-21,8763.0,1002487200.0,,,1519.0,32506600.0,,,,,,,,,,,342.0,62654400.0
2024-05-22,7909.0,940380100.0,,,1733.0,36652950.0,,,,,,,,,,,315.0,57519000.0
2024-05-23,7355.0,886277500.0,,,,,,,,,1200.0,43500000.0,,,2281.0,37864600.0,284.0,51716400.0
2024-05-24,7735.0,928200000.0,,,1515.0,31663500.0,,,1488.0,114427200.0,,,,,,,541.0,96839000.0
2024-05-27,7735.0,947537500.0,,,,,,,1640.0,125132000.0,,,,,,,469.0,83951000.0
2024-05-28,8325.0,1018980000.0,,,,,,,919.0,70854900.0,,,,,,,563.0,99876200.0
2024-05-29,7831.0,955382000.0,,,1868.0,38574200.0,,,554.0,43267400.0,,,,,,,644.0,112893200.0
2024-05-30,7330.0,862741000.0,,,1289.0,26295600.0,173.0,44461000.0,497.0,39113900.0,,,,,,,785.0,133764000.0
2024-05-31,7409.0,872039300.0,,,,,221.0,55913000.0,483.0,38350200.0,,,341.0,64517200.0,934.0,16812000.0,596.0,101439200.0
2024-06-03,8616.0,1039951200.0,,,,,,,946.0,75017800.0,,,,,,,367.0,63380900.0
2024-06-04,8720.0,1037680000.0,,,,,,,1622.0,125867200.0,,,,,,,,
2024-06-05,8596.0,1027222000.0,,,,,,,1225.0,94815000.0,,,,,,,,
2024-06-07,8792.0,1064711200.0,,,,,,,,,,,,,,,680.0,119272000.0
2024-06-10,6396.0,776474400.0,,,1028.0,22564600.0,,,,,,,,,,,680.0,116076000.0
2024-06-11,5825.0,710650000.0,,,,,,,,,,,,,16044.0,280770000.0,680.0,115736000.0
2024-06-12,5702.0,698495000.0,,,,,,,397.0,31402700.0,,,,,17639.0,301626900.0,680.0,114512000.0
2024-06-13,6234.0,758677800.0,,,,,,,,,582.0,21155700.0,,,15845.0,269840350.0,757.0,128614300.0
2024-06-14,7544.0,925648800.0,,,1399.0,31127750.0,,,598.0,48378200.0,,,,,,,1151.0,195554900.0
2024-06-17,3859.0,498196900.0,,,3125.0,68281250.0,,,598.0,46823400.0,,,,,,,1151.0,191181100.0
2024-06-18,4213.0,551903000.0,,,2443.0,53135250.0,,,2629.0,203484600.0,,,,,4617.0,82782810.0,1909.0,318421200.0
2024-06-19,6222.0,823170600.0,,,3609.0,77773950.0,,,,,,,,,,,2160.0,362664000.0
2024-06-20,6222.0,812593200.0,,,2561.0,54805400.0,,,,,,,,,,,1937.0,323866400.0
2024-06-21,6403.0,818943700.0,,,,,213.0,59640000.0,,,,,,,,,1370.0,229612000.0
2024-06-24,5967.0,765566100.0,13917.0,51632070.0,,,,,,,,,,,5980.0,113500400.0,1145.0,193390500.0
2024-06-25,5704.0,735816000.0,,,,,,,1084.0,85636000.0,,,,,5334.0,102306120.0,1145.0,190528000.0
2024-06-26,5304.0,693763200.0,,,,,,,1149.0,90656100.0,,,,,9121.0,174575940.0,1145.0,192818000.0
2024-06-27,3901.0,512981500.0,,,,,,,1050.0,82425000.0,2010.0,73264500.0,,,11012.0,209338120.0,1145.0,189383000.0
2024-06-28,6294.0,813814200.0,,,,,,,935.0,73397500.0,,,,,,,2205.0,368014500.0
2024-07-01,5167.0,664476200.0,,,,,399.0,114114000.0,,,,,,,1715.0,33768350.0,2205.0,359194500.0
2024-07-02,4740.0,585864000.0,6050.0,22596750.0,2531.0,57833350.0,399.0,108727500.0,,,1145.0,41506250.0,,,,,1949.0,311645100.0
2024-07-03,4740.0,586338000.0,,,1706.0,38726200.0,278.0,76728000.0,,,,,,,3439.0,68436100.0,2173.0,347245400.0
2024-07-04,5290.0,664424000.0,,,,,,,,,,,150.0,34500000.0,6484.0,128253520.0,2432.0,388633600.0
2024-07-05,6199.0,782933700.0,,,,,,,,,,,,,6484.0,125595080.0,1111.0,186759100.0
2024-07-08,5385.0,668817000.0,,,,,,,386.0,33543400.0,826.0,29736000.0,,,6484.0,118916560.0,599.0,102129500.0
2024-07-09,5080.0,622300000.0,,,836.0,18851800.0,277.0,76036500.0,818.0,69693600.0,,,,,16903.0,305099150.0,689.0,117612300.0
2024-07-10,5865.0,715530000.0,,,836.0,18601000.0,226.0,62037000.0,1198.0,100152800.0,,,,,13649.0,247319880.0,298.0,52895000.0
2024-07-11,6581.0,804856300.0,,,,,,,,,,,,,14465.0,260080700.0,846.0,148980600.0
2024-07-12,5431.0,658780300.0,,,794.0,17547400.0,255.0,69232500.0,,,,,,,14280.0,250756800.0,846.0,147880800.0
2024-07-15,5900.0,708000000.0,,,,,260.0,69810000.0,492.0,42164400.0,,,168.0,38640000.0,11351.0,199891110.0,769.0,135574700.0
2024-07-16,5798.0,712574200.0,15582.0,63886200.0,,,,,1097.0,92257700.0,,,,,5557.0,100581700.0,1430.0,245388000.0
2024-07-17,5902.0,714142000.0,,,,,213.0,57190500.0,580.0,48778000.0,,,430.0,94815000.0,7130.0,127983500.0,944.0,163689600.0
2024-07-18,5843.0,700575700.0,,,,,447.0,116443500.0,300.0,25320000.0,,,485.0,103062500.0,7130.0,128340000.0,702.0,122779800.0
2024-07-19,5453.0,634183900.0,7459.0,30731080.0,1453.0,31312150.0,296.0,76516000.0,,,,,292.0,61174000.0,7130.0,122992500.0,741.0,127600200.0
2024-07-22,5453.0,632002700.0,,,837.0,17911800.0,316.0,80580000.0,,,,,318.0,65190000.0,12401.0,211189030.0,693.0,119681100.0
2024-07-23,5672.0,683476000.0,,,837.0,17702550.0,,,,,,,260.0,53300000.0,14538.0,245692200.0,1059.0,180665400.0
2024-07-24,5715.0,676656000.0,9226.0,37042390.0,,,,,1129.0,95513400.0,,,85.0,17722500.0,9618.0,163217460.0,771.0,132380700.0
2024-07-25,5888.0,677120000.0,,,,,,,765.0,64260000.0,,,774.0,147060000.0,7561.0,128083340.0,241.0,42898000.0
2024-07-26,6514.0,730219400.0,,,,,,,,,,,379.0,72692200.0,5797.0,99070730.0,600.0,104880000.0
2024-07-29,6514.0,740641800.0,,,,,,,,,,,249.0,48704400.0,6090.0,104930700.0,819.0,143325000.0
2024-07-30,6663.0,743590800.0,11217.0,45541020.0,649.0,13693900.0,232.0,58000000.0,301.0,26879300.0,,,430.0,81227000.0,2240.0,39312000.0,788.0,136560400.0
2024-07-31,7548.0,846130800.0,,,,,232.0,57768000.0,731.0,64254900.0,,,173.0,33665800.0,,,814.0,141636000.0
2024-08-01,7548.0,846130800.0,,,,,99.0,25096500.0,341.0,30110300.0,646.0,25032500.0,173.0,33440900.0,,,788.0,137900000.0
2024-08-02,5767.0,617645700.0,6507.0,25930395.0,591.0,12381450.0,304.0,74176000.0,341.0,28371200.0,,,173.0,29963600.0,,,664.0,113809600.0
2024-08-05,4299.0,413993700.0,11645.0,42387800.0,943.0,18765700.0,402.0,90048000.0,1493.0,114662400.0,673.0,24934650.0,173.0,27005300.0,5433.0,88449240.0,664.0,103650400.0
2024-08-06,4299.0,441507300.0,,,,,224.0,52640000.0,1502.0,119409000.0,781.0,28545550.0,661.0,108205700.0,2655.0,45745650.0,960.0,152064000.0
2024-08-07,4299.0,436778400.0,,,,,173.0,40828000.0,1354.0,110486400.0,,,493.0,83464900.0,2978.0,51102480.0,780.0,126906000.0
2024-08-08,4299.0,436778400.0,,,,,124.0,29326000.0,1474.0,121162800.0,,,674.0,110131600.0,2028.0,35104680.0,773.0,125767100.0
2024-08-09,6850.0,698015000.0,,,,,,,1766.0,144635400.0,,,438.0,75117000.0,1927.0,33471990.0,788.0,128995600.0
2024-08-12,6664.0,680394400.0,,,,,71.0,17288500.0,1588.0,131010000.0,,,398.0,70446000.0,1017.0,17868690.0,788.0,126316400.0
2024-08-13,6150.0,632220000.0,7966.0,31386040.0,,,128.0,31104000.0,1152.0,97459200.0,,,348.0,63301200.0,2080.0,36400000.0,788.0,123243200.0
2024-08-14,6291.0,643569300.0,,,,,210.0,50610000.0,1381.0,116556400.0,,,334.0,62357800.0,1652.0,29124760.0,1187.0,186715100.0
2024-08-16,6464.0,684537600.0,3743.0,14784850.0,,,,,1814.0,152376000.0,288.0,10915200.0,173.0,34548100.0,,,1409.0,221917500.0
2024-08-19,6719.0,693400800.0,,,,,,,1072.0,93264000.0,,,477.0,92490300.0,603.0,10805760.0,1373.0,215011800.0
2024-08-20,6831.0,706325400.0,,,,,64.0,16384000.0,885.0,79561500.0,,,331.0,66100700.0,603.0,10733400.0,1414.0,221432400.0
2024-08-21,5973.0,615219000.0,,,,,171.0,43177500.0,885.0,77172000.0,,,331.0,63750600.0,867.0,15449940.0,1260.0,197064000.0
2024-08-22,6503.0,665907200.0,4913.0,20560905.0,,,171.0,42408000.0,1700.0,147050000.0,,,488.0,93256800.0,,,717.0,118089900.0
2024-08-23,6431.0,668824000.0,,,439.0,9701900.0,105.0,26512500.0,1590.0,138012000.0,,,488.0,90524000.0,1766.0,31134580.0,762.0,125653800.0
2024-08-26,7150.0,735020000.0,,,,,182.0,45409000.0,1344.0,118944000.0,,,747.0,134161200.0,709.0,12549300.0,404.0,68962800.0
2024-08-27,6534.0,665161200.0,3552.0,15024960.0,,,183.0,45292500.0,1344.0,118003200.0,,,690.0,120750000.0,709.0,12308240.0,404.0,67831600.0
2024-08-28,5985.0,626031000.0,13520.0,54418000.0,645.0,14319000.0,,,1930.0,165594000.0,303.0,11907900.0,473.0,84808900.0,1217.0,21151460.0,404.0,66175200.0
2024-08-29,5842.0,622757200.0,4603.0,18412000.0,482.0,10652200.0,,,1592.0,138344800.0,320.0,12480000.0,473.0,80268100.0,2587.0,44237700.0,816.0,134558400.0
2024-08-30,6333.0,671931300.0,,,,,134.0,34237000.0,1879.0,161406100.0,406.0,15671600.0,586.0,101788200.0,3135.0,53200950.0,540.0,91314000.0
2024-09-02,5996.0,636175600.0,,,,,354.0,87084000.0,1349.0,118307300.0,,,570.0,99180000.0,3135.0,52385850.0,697.0,116120200.0
2024-09-03,6013.0,614528600.0,4386.0,17544000.0,,,404.0,95950000.0,1352.0,117624000.0,,,638.0,107375400.0,2168.0,36639200.0,663.0,109593900.0
2024-09-04,5023.0,503304600.0,5564.0,21727420.0,514.0,11128100.0,294.0,68355000.0,1352.0,113027200.0,,,638.0,98762400.0,2168.0,35490160.0,663.0,104422500.0
2024-09-05,5943.0,598460100.0,4318.0,16667480.0,,,315.0,72135000.0,1472.0,124531200.0,,,619.0,98668600.0,987.0,16581600.0,917.0,146536600.0
2024-09-06,5643.0,564300000.0,1811.0,6972350.0,,,236.0,53690000.0,1472.0,122617600.0,,,619.0,96811600.0,987.0,16058490.0,917.0,144152400.0
2024-09-09,5558.0,560246400.0,1931.0,7415040.0,441.0,9724050.0,154.0,35343000.0,1713.0,140979900.0,,,580.0,91060000.0,2153.0,35029310.0,917.0,142135000.0
2024-09-10,6047.0,605909400.0,1931.0,7299180.0,431.0,9438900.0,129.0,29799000.0,1631.0,135209900.0,,,703.0,109316500.0,,,982.0,156138000.0
2024-09-11,5748.0,552957600.0,2381.0,8976370.0,,,260.0,58110000.0,1631.0,127054900.0,,,500.0,78600000.0,,,943.0,147485200.0
2024-09-12,6396.0,633843600.0,,,,,54.0,12528000.0,1631.0,127381100.0,,,306.0,51652800.0,,,948.0,151680000.0
2024-09-13,6387.0,641893500.0,,,,,,,1807.0,147812600.0,,,306.0,49816800.0,,,1017.0,162821700.0
2024-09-19,5630.0,582705000.0,2471.0,9921065.0,,,,,2051.0,169207500.0,,,306.0,46756800.0,,,989.0,158833400.0
2024-09-20,5548.0,585868800.0,7906.0,31307760.0,,,,,2220.0,185592000.0,,,769.0,120809900.0,,,1136.0,181646400.0
2024-09-23,6323.0,652533600.0,9683.0,37521625.0,875.0,19425000.0,,,2097.0,178245000.0,,,587.0,95094000.0,,,612.0,102020400.0
2024-09-24,6218.0,645428400.0,,,,,,,2097.0,171954000.0,,,636.0,103986000.0,,,578.0,97104000.0
2024-09-25,5269.0,541653200.0,6193.0,24152700.0,,,97.0,24395500.0,2097.0,163775700.0,485.0,19642500.0,532.0,87939600.0,,,638.0,106035600.0
2024-09-26,5269.0,552718100.0,,,,,,,3444.0,279652800.0,,,191.0,34551900.0,,,595.0,101685500.0
2024-09-27,6141.0,643576800.0,8699.0,33621635.0,,,92.0,23414000.0,2598.0,217712400.0,643.0,25912900.0,394.0,72417200.0,,,669.0,113997600.0
2024-09-30,5509.0,550349100.0,4822.0,18468260.0,665.0,14995750.0,287.0,70028000.0,2598.0,210178200.0,206.0,8281200.0,394.0,68792400.0,,,539.0,91306600.0
2024-10-02,5388.0,531795600.0,5517.0,20771505.0,,,345.0,81765000.0,2346.0,190729800.0,333.0,13236750.0,658.0,111267800.0,2012.0,36195880.0,540.0,90828000.0
2024-10-04,5779.0,566342000.0,3055.0,11440975.0,1434.0,31117800.0,186.0,44547000.0,2140.0,176764000.0,,,422.0,73470200.0,2012.0,34405200.0,403.0,68792100.0
2024-10-07,5779.0,580211600.0,,,804.0,17366400.0,,,1832.0,159933600.0,,,210.0,38829000.0,6316.0,107624640.0,853.0,141683300.0
2024-10-08,6286.0,626085600.0,,,,,,,1859.0,166194600.0,384.0,15417600.0,633.0,112674000.0,3629.0,61910740.0,744.0,123652800.0
2024-10-10,6630.0,668304000.0,4741.0,17826160.0,,,83.0,20418000.0,1859.0,167124100.0,,,339.0,63291300.0,4048.0,68289760.0,341.0,58788400.0
2024-10-11,6614.0,668675400.0,,,,,53.0,13170500.0,2439.0,222680700.0,,,339.0,63054000.0,3130.0,52803100.0,414.0,71746200.0
2024-10-14,7399.0,744339400.0,,,,,103.0,25595500.0,1470.0,142884000.0,,,532.0,99750000.0,,,749.0,128378600.0
2024-10-15,6903.0,688229100.0,,,,,196.0,48216000.0,1470.0,140532000.0,,,339.0,65393100.0,,,458.0,80241600.0
2024-10-16,6903.0,675113400.0,,,,,134.0,33098000.0,2394.0,228387600.0,,,535.0,100954500.0,,,393.0,69561000.0
2024-10-17,6743.0,641933600.0,,,,,434.0,102207000.0,2395.0,224411500.0,,,213.0,41748000.0,,,393.0,68775000.0
2024-10-18,6340.0,602934000.0,3498.0,13222440.0,,,303.0,71053500.0,2039.0,192481600.0,,,213.0,39894900.0,,,433.0,76554400.0
2024-10-21,6340.0,602300000.0,,,,,176.0,41712000.0,2503.0,234030500.0,,,365.0,69678500.0,1521.0,26541450.0,505.0,89284000.0
2024-10-22,6230.0,576275000.0,6969.0,25820145.0,,,184.0,43148000.0,1920.0,180672000.0,,,417.0,78312600.0,3228.0,55392480.0,718.0,122921600.0
2024-10-23,6616.0,615288000.0,5169.0,18892695.0,726.0,16915800.0,,,1920.0,181056000.0,315.0,13450500.0,176.0,34496000.0,4243.0,72343150.0,639.0,110227500.0
2024-10-24,6371.0,579123900.0,,,,,,,2272.0,211750400.0,,,210.0,41622000.0,3209.0,54713450.0,535.0,92073500.0
2024-10-25,6566.0,608668200.0,,,,,473.0,106661500.0,1017.0,102717000.0,,,243.0,48843000.0,4776.0,80380080.0,921.0,154543800.0
2024-10-28,5765.0,550557500.0,,,,,352.0,79728000.0,1017.0,97835400.0,,,476.0,93296000.0,,,702.0,119620800.0
2024-10-29,5837.0,546926900.0,,,,,412.0,92288000.0,2520.0,240660000.0,,,505.0,96101500.0,,,755.0,127746000.0
2024-10-30,6240.0,587184000.0,,,,,596.0,131418000.0,2520.0,236628000.0,,,206.0,40170000.0,,,477.0,83188800.0
2024-10-31,4582.0,421085800.0,11555.0,40846925.0,543.0,12977700.0,558.0,119970000.0,2678.0,241823400.0,,,206.0,38377800.0,,,477.0,81090000.0
2024-11-01,4179.0,394079700.0,,,1013.0,23906800.0,650.0,138775000.0,2334.0,214261200.0,,,206.0,37533200.0,3541.0,60444870.0,1055.0,179033500.0
2024-11-04,4681.0,455929400.0,,,,,400.0,86600000.0,2334.0,211693800.0,,,,,,,929.0,163225300.0
2024-11-05,4681.0,454057000.0,,,,,393.0,84495000.0,3722.0,338702000.0,1275.0,54888750.0,,,,,1010.0,178265000.0
2024-11-06,4753.0,451535000.0,,,992.0,23907200.0,814.0,168091000.0,1750.0,164500000.0,,,,,,,943.0,166250900.0
2024-11-07,4753.0,446782000.0,,,,,541.0,112257500.0,1750.0,164675000.0,609.0,26095650.0,,,6812.0,116485200.0,757.0,136032900.0
2024-11-08,4558.0,423894000.0,,,,,548.0,111518000.0,2239.0,208674800.0,2093.0,86022300.0,,,4370.0,74508500.0,757.0,132172200.0
2024-11-11,3842.0,363453200.0,7462.0,26937820.0,,,,,2371.0,219791700.0,,,,,17440.0,274680000.0,972.0,171072000.0
2024-11-12,5040.0,463176000.0,,,1455.0,33756000.0,,,2347.0,217566900.0,,,436.0,81008800.0,9426.0,151004520.0,574.0,104123600.0
2024-11-13,5247.0,476427600.0,11552.0,39796640.0,,,,,2802.0,254982000.0,530.0,22578000.0,352.0,64380800.0,,,666.0,121345200.0
2024-11-14,4627.0,427997500.0,,,,,,,3314.0,297928600.0,2143.0,88184450.0,787.0,136151000.0,,,433.0,81620500.0
2024-11-15,6118.0,560408800.0,,,,,127.0,26162000.0,3980.0,356608000.0,,,199.0,35461800.0,,,739.0,140410000.0
2024-11-18,4290.0,414843000.0,,,,,,,4003.0,366274500.0,,,199.0,34168300.0,,,739.0,141001200.0
2024-11-19,5216.0,497084800.0,,,,,,,3936.0,360537600.0,,,594.0,101336400.0,,,1012.0,195316000.0
2024-11-20,5157.0,505901700.0,,,,,,,3100.0,296360000.0,,,594.0,101336400.0,,,1421.0,274395100.0
2024-11-21,4877.0,475995200.0,,,,,,,2588.0,251812400.0,,,571.0,96384800.0,,,1510.0,286447000.0
2024-11-22,5627.0,550320600.0,,,,,191.0,41447000.0,3250.0,319800000.0,,,,,,,1468.0,278920000.0
2024-11-25,6135.0,596322000.0,,,,,,,3250.0,318500000.0,,,226.0,40002000.0,,,942.0,181994400.0
2024-11-26,5253.0,511116900.0,,,,,,,3250.0,312000000.0,,,284.0,50296400.0,,,693.0,135550800.0
2024-11-27,6391.0,602671300.0,,,,,,,2446.0,241420200.0,,,960.0,161568000.0,4294.0,79524880.0,214.0,43442000.0
2024-11-28,5144.0,488680000.0,,,,,397.0,86943000.0,2798.0,274204000.0,,,1130.0,182043000.0,3130.0,58280600.0,214.0,43763000.0
2024-11-29,4781.0,444154900.0,,,,,306.0,66861000.0,2962.0,284944400.0,,,683.0,109211700.0,3130.0,56214800.0,214.0,44191000.0
2024-12-02,3834.0,361162800.0,,,,,368.0,79488000.0,2727.0,262882800.0,,,572.0,90833600.0,11167.0,197097550.0,214.0,43549000.0
2024-12-03,4314.0,422772000.0,,,,,713.0,152938500.0,2681.0,271317200.0,,,,,7821.0,141951150.0,1017.0,212553000.0
2024-12-04,2261.0,221804100.0,14953.0,52858855.0,2005.0,49623750.0,624.0,130416000.0,2681.0,255767400.0,,,,,7128.0,127020960.0,1017.0,205942500.0
2024-12-05,3188.0,299672000.0,9659.0,33033780.0,,,497.0,101636500.0,2681.0,230029800.0,,,,,1663.0,30283230.0,604.0,123216000.0
2024-12-06,2729.0,258709200.0,,,,,353.0,71835500.0,5828.0,497128400.0,,,,,3676.0,66168000.0,536.0,109612000.0
2024-12-09,2805.0,258060000.0,19312.0,61412160.0,,,266.0,53466000.0,5517.0,456807600.0,975.0,43192500.0,189.0,31922100.0,3897.0,69366600.0,529.0,106593500.0
2024-12-10,2603.0,249367400.0,,,,,,,5517.0,459566100.0,779.0,34159150.0,264.0,44985600.0,,,349.0,72941000.0
2024-12-11,2864.0,276376000.0,,,,,,,9767.0,834101800.0,,,263.0,45183400.0,,,,
2024-12-12,2461.0,239209200.0,,,,,,,8259.0,718533000.0,,,,,,,,
2024-12-13,2199.0,215721900.0,,,,,,,8786.0,746810000.0,,,,,,,760.0,159600000.0
2024-12-16,3349.0,319159700.0,,,,,124.0,26164000.0,7981.0,675192600.0,,,,,,,417.0,89238000.0
2024-12-17,2894.0,276955800.0,,,805.0,19440750.0,309.0,63808500.0,7122.0,601096800.0,,,,,,,643.0,134708500.0
2024-12-18,1186.0,120734800.0,,,,,,,7122.0,621038400.0,,,180.0,33030000.0,3834.0,69817140.0,693.0,147262500.0
2024-12-19,1572.0,158143200.0,,,,,113.0,23956000.0,7773.0,675473700.0,,,651.0,113925000.0,3462.0,62212140.0,725.0,151887500.0
2024-12-20,1454.0,147144800.0,,,2091.0,49138500.0,180.0,37890000.0,8062.0,691719600.0,,,757.0,127554500.0,,,582.0,122220000.0
2024-12-23,1666.0,168099400.0,,,,,,,7635.0,664245000.0,,,414.0,70214400.0,2190.0,39354300.0,582.0,116982000.0
2024-12-24,1879.0,189027400.0,,,,,,,8680.0,750820000.0,,,396.0,66726000.0,,,847.0,171517500.0
2024-12-26,975.0,100327500.0,,,,,,,8680.0,742140000.0,,,214.0,36401400.0,,,847.0,169315300.0
2024-12-27,1593.0,160733700.0,5663.0,17895080.0,,,,,7940.0,674900000.0,,,,,7477.0,131071810.0,777.0,153612900.0
