date,stock,action,quantity,price,amount
2024-01-02,기아,BUY,10245,97600,999912000
2024-01-03,기아,SELL,6726,93800,630898800
2024-01-03,대우건설,BUY,12862,4110,52862820
2024-01-03,대한항공,BUY,3677,23000,84571000
2024-01-03,현대차,BUY,771,193800,149419800
2024-01-04,대우건설,SELL,12862,4100,52734200
2024-01-04,대한항공,SELL,3677,23000,84571000
2024-01-04,KB금융,BUY,2146,51700,110948200
2024-01-04,KT,BUY,1387,33550,46533850
2024-01-04,SK하이닉스,BUY,490,136400,66836000
2024-01-04,기아,BUY,1831,92900,170099900
2024-01-04,현대차,BUY,456,190000,86640000
2024-01-05,KT,SELL,1387,33500,46464500
2024-01-05,SK하이닉스,SELL,490,137500,67375000
2024-01-05,KB금융,SELL,808,51300,41450400
2024-01-05,기아,BUY,1621,91600,148483600
2024-01-05,현대차,BUY,38,187300,7117400
2024-01-08,KB금융,SELL,1338,52200,69843600
2024-01-08,SK하이닉스,BUY,333,136000,45288000
2024-01-08,현대차,SELL,479,185700,88950300
2024-01-09,SK하이닉스,SELL,333,137400,45754200
2024-01-09,HMM,BUY,4920,19710,96973200
2024-01-09,현대차,SELL,299,185600,55494400
2024-01-10,현대차,SELL,487,186700,90922900
2024-01-10,HMM,BUY,7157,19080,136555560
2024-01-10,기아,SELL,1558,90500,140999000
2024-01-11,HMM,SELL,12077,19590,236588430
2024-01-11,KB금융,BUY,1609,51000,82059000
2024-01-11,기아,BUY,2653,89700,237974100
2024-01-11,대우건설,BUY,12587,4240,53368880
2024-01-11,대한항공,BUY,3297,23150,76325550
2024-01-12,KB금융,SELL,1609,51000,82059000
2024-01-12,SK하이닉스,BUY,531,134100,71207100
2024-01-12,기아,SELL,411,88300,36291300
2024-01-12,대우건설,BUY,2665,4205,11206325
2024-01-12,대한항공,SELL,871,22850,19902350
2024-01-12,현대차,BUY,300,186000,55800000
2024-01-15,SK하이닉스,SELL,531,134100,71207100
2024-01-15,대한항공,SELL,2426,22950,55676700
2024-01-15,현대차,SELL,300,187500,56250000
2024-01-15,기아,BUY,282,90900,25633800
2024-01-15,대우건설,BUY,38478,4095,157567410
2024-01-16,대우건설,SELL,53730,4090,219755700
2024-01-16,KT,BUY,2516,33150,83405400
2024-01-16,SK하이닉스,BUY,847,132100,111888700
2024-01-16,기아,SELL,578,89800,51904400
2024-01-16,현대차,BUY,410,186200,76342000
2024-01-17,KT,SELL,2516,33300,83782800
2024-01-17,SK하이닉스,SELL,502,131000,65762000
2024-01-17,기아,SELL,2530,87900,222387000
2024-01-17,대우건설,BUY,10581,4010,42429810
2024-01-17,대한항공,BUY,2224,22100,49150400
2024-01-17,현대차,BUY,226,181800,41086800
2024-01-18,SK하이닉스,SELL,345,136200,46989000
2024-01-18,대한항공,SELL,2224,22250,49484000
2024-01-18,HMM,BUY,4572,19590,89565480
2024-01-18,KB금융,BUY,1190,49400,58786000
2024-01-18,NAVER,BUY,530,216500,114745000
2024-01-18,대우건설,SELL,2957,3970,11739290
2024-01-18,현대차,BUY,43,180200,7748600
2024-01-19,KB금융,SELL,1190,49500,58905000
2024-01-19,대우건설,SELL,7624,3980,30343520
2024-01-19,HMM,BUY,4268,19220,82030960
2024-01-19,NAVER,SELL,273,215500,58831500
2024-01-19,현대차,SELL,346,181700,62868200
2024-01-22,NAVER,SELL,257,217000,55769000
2024-01-22,HMM,BUY,493,18750,9243750
2024-01-22,기아,BUY,1285,87200,112052000
2024-01-22,대우건설,BUY,21545,3880,83594600
2024-01-22,대한항공,BUY,1660,22500,37350000
2024-01-22,현대차,BUY,105,180100,18910500
2024-01-23,HMM,SELL,9333,19800,184793400
2024-01-23,대우건설,SELL,21545,3900,84025500
2024-01-23,대한항공,SELL,1660,22500,37350000
2024-01-23,현대차,SELL,438,184800,80942400
2024-01-23,SK하이닉스,BUY,756,140800,106444800
2024-01-23,기아,BUY,3194,87900,280752600
2024-01-24,SK하이닉스,SELL,756,141500,106974000
2024-01-24,기아,BUY,1218,87900,107062200
2024-01-25,기아,SELL,7202,93000,669786000
2024-01-26,SK하이닉스,BUY,3739,136000,508504000
2024-01-26,기아,BUY,1708,94400,161235200
2024-01-29,기아,SELL,5032,99900,502696800
2024-01-29,SK하이닉스,BUY,3724,135000,502740000
2024-01-30,SK하이닉스,SELL,7463,136900,1021684700
2024-01-30,NAVER,BUY,1058,209500,221651000
2024-01-30,기아,BUY,5605,98000,549290000
2024-01-30,현대차,BUY,1319,190000,250610000
2024-01-31,기아,SELL,5605,102900,576754500
2024-01-31,현대차,SELL,1319,194600,256677400
2024-01-31,NAVER,BUY,1761,200500,353080500
2024-01-31,SK하이닉스,BUY,1081,134700,145610700
2024-01-31,대우건설,BUY,85080,3935,334789800
2024-02-01,NAVER,SELL,2819,202500,570847500
2024-02-01,대우건설,SELL,85080,3965,337342200
2024-02-01,SK하이닉스,BUY,6845,132700,908331500
2024-02-02,SK하이닉스,SELL,7926,134900,1069217400
2024-02-05,KB금융,BUY,8836,62700,554017200
2024-02-05,SK하이닉스,BUY,3894,132300,515176200
2024-02-06,KB금융,SELL,8836,63100,557551600
2024-02-06,SK하이닉스,SELL,3894,138000,537372000
2024-02-06,NAVER,BUY,1293,205500,265711500
2024-02-06,기아,BUY,5781,111600,645159600
2024-02-06,대우건설,BUY,47360,3885,183993600
2024-02-07,대우건설,SELL,47360,3920,185651200
2024-02-07,NAVER,BUY,311,204500,63599500
2024-02-07,기아,BUY,1064,114700,122040800
2024-02-08,NAVER,SELL,1604,206000,330424000
2024-02-08,기아,SELL,341,113200,38601200
2024-02-13,기아,SELL,6504,117200,762268800
2024-02-13,HMM,BUY,63490,17820,1131391800
2024-02-14,HMM,SELL,31726,17750,563136500
2024-02-14,KB금융,BUY,4705,67300,316646500
2024-02-14,대우건설,BUY,62639,3935,246484465
2024-02-15,대우건설,SELL,62639,3930,246171270
2024-02-15,HMM,SELL,22592,17490,395134080
2024-02-15,KB금융,SELL,581,65100,37823100
2024-02-15,기아,BUY,4506,113500,511431000
2024-02-15,대한항공,BUY,4438,22900,101630200
2024-02-15,현대차,BUY,275,240000,66000000
2024-02-16,HMM,SELL,9172,17830,163536760
2024-02-16,KB금융,SELL,4124,67700,279194800
2024-02-16,대한항공,SELL,4438,23100,102517800
2024-02-16,현대차,SELL,275,252500,69437500
2024-02-16,SK하이닉스,BUY,1777,146800,260863600
2024-02-16,기아,BUY,3055,115800,353769000
2024-02-19,SK하이닉스,SELL,1777,151300,268860100
2024-02-19,기아,BUY,2287,117600,268951200
2024-02-20,기아,SELL,3567,116100,414128700
2024-02-20,대우건설,BUY,53821,4010,215822210
2024-02-21,대우건설,SELL,53821,4005,215553105
2024-02-21,KB금융,BUY,5564,65100,362216400
2024-02-21,기아,SELL,3437,116800,401441600
2024-02-21,현대차,BUY,437,239500,104661500
2024-02-22,기아,SELL,2844,119300,339289200
2024-02-22,현대차,SELL,437,243500,106409500
2024-02-22,KB금융,BUY,12236,64900,794116400
2024-02-23,KB금융,SELL,17800,65800,1171240000
2024-02-23,KT,BUY,5714,39400,225131600
2024-02-23,기아,BUY,6254,118400,740473600
2024-02-23,대한항공,BUY,8863,23200,205621600
2024-02-26,대한항공,SELL,8863,23000,203849000
2024-02-26,KT,SELL,2266,38700,87694200
2024-02-26,기아,SELL,276,114600,31629600
2024-02-27,HMM,BUY,6232,18370,114481840
2024-02-27,KB금융,BUY,1097,62400,68452800
2024-02-27,KT,SELL,741,38100,28232100
2024-02-27,SK하이닉스,BUY,951,153800,146263800
2024-02-27,기아,SELL,345,112600,38847000
2024-02-27,대한항공,BUY,2699,22600,60997400
2024-02-28,KB금융,SELL,1097,62300,68343100
2024-02-28,KT,SELL,2707,38400,103948800
2024-02-28,SK하이닉스,SELL,951,158000,150258000
2024-02-28,대한항공,SELL,2699,22700,61267300
2024-02-28,HMM,BUY,3249,18370,59684130
2024-02-28,기아,BUY,2754,117700,324145800
2024-02-29,기아,SELL,8387,124500,1044181500
2024-02-29,HMM,SELL,9481,18270,173217870
2024-02-29,NAVER,BUY,4850,195000,945750000
2024-02-29,대우건설,BUY,68270,3980,271714600
2024-03-04,NAVER,SELL,2144,192000,411648000
2024-03-04,대우건설,SELL,15237,3935,59957595
2024-03-04,대한항공,BUY,7980,22600,180348000
2024-03-05,대한항공,SELL,7980,22450,179151000
2024-03-05,HMM,BUY,11260,17680,199076800
2024-03-05,NAVER,SELL,1122,188700,211721400
2024-03-05,대우건설,SELL,18855,3885,73251675
2024-03-06,NAVER,SELL,1584,189800,300643200
2024-03-06,대우건설,SELL,34178,3860,131927080
2024-03-06,HMM,BUY,41675,17200,716810000
2024-03-06,기아,BUY,2142,127000,272034000
2024-03-07,HMM,SELL,27009,17010,459423090
2024-03-07,기아,BUY,2665,126100,336056500
2024-03-07,대우건설,BUY,32438,3805,123426590
2024-03-08,대우건설,SELL,32438,3850,124886300
2024-03-08,HMM,SELL,2373,16950,40222350
2024-03-11,HMM,SELL,10022,16620,166565640
2024-03-11,KT,BUY,3066,38250,117274500
2024-03-11,기아,BUY,64,126200,8076800
2024-03-11,현대차,BUY,847,243500,206244500
2024-03-12,HMM,SELL,3480,16500,57420000
2024-03-12,KT,BUY,57,37950,2163150
2024-03-12,현대차,SELL,191,241500,46126500
2024-03-13,KT,SELL,3123,38000,118674000
2024-03-13,현대차,SELL,656,248500,163016000
2024-03-13,HMM,BUY,4039,16250,65633750
2024-03-13,기아,BUY,1461,125900,183939900
2024-03-13,대우건설,BUY,36145,3695,133555775
2024-03-14,HMM,SELL,14090,16580,233612200
2024-03-14,대우건설,SELL,36145,3730,134820850
2024-03-14,기아,BUY,2867,128500,368409500
2024-03-15,기아,SELL,3271,125000,408875000
2024-03-15,현대차,BUY,314,243500,76459000
2024-03-18,KB금융,BUY,4081,74400,303626400
2024-03-18,기아,SELL,886,128000,113408000
2024-03-18,대한항공,BUY,5874,21800,128053200
2024-03-19,KB금융,SELL,2445,72500,177262500
2024-03-19,KT,BUY,1571,37350,58676850
2024-03-19,SK하이닉스,BUY,162,160200,25952400
2024-03-19,기아,BUY,342,118900,40663800
2024-03-19,대우건설,BUY,13312,3735,49720320
2024-03-19,대한항공,SELL,3566,21350,76134100
2024-03-19,현대차,BUY,24,237500,5700000
2024-03-20,KB금융,SELL,1636,73800,120736800
2024-03-20,대우건설,SELL,13312,3780,50319360
2024-03-20,대한항공,SELL,2308,21400,49391200
2024-03-20,현대차,SELL,338,241000,81458000
2024-03-20,HMM,BUY,2234,15700,35073800
2024-03-20,KT,SELL,788,37300,29392400
2024-03-20,SK하이닉스,BUY,196,156500,30674000
2024-03-20,기아,BUY,3045,115700,352306500
2024-03-21,HMM,SELL,2234,15890,35498260
2024-03-21,KT,SELL,783,38350,30028050
2024-03-21,SK하이닉스,SELL,358,170000,60860000
2024-03-21,기아,BUY,1093,115700,126460100
2024-03-22,기아,SELL,545,112900,61530500
2024-03-25,KT,BUY,736,37850,27857600
2024-03-25,기아,SELL,1449,111500,161563500
2024-03-25,대우건설,BUY,7454,3750,27952500
2024-03-25,현대차,BUY,213,239500,51013500
2024-03-26,KT,SELL,736,38800,28556800
2024-03-26,대우건설,SELL,7454,3725,27766150
2024-03-26,HMM,BUY,2083,15430,32140690
2024-03-26,KB금융,BUY,1089,71800,78190200
2024-03-26,현대차,SELL,58,240500,13949000
2024-03-27,HMM,SELL,2083,15510,32307330
2024-03-27,현대차,SELL,155,244000,37820000
2024-03-27,KB금융,BUY,1620,69000,111780000
2024-03-27,기아,BUY,304,113600,34534400
2024-03-28,KB금융,SELL,2016,70300,141724800
2024-03-28,KT,BUY,1090,37950,41365500
2024-03-28,기아,BUY,185,112000,20720000
2024-03-29,KB금융,BUY,322,69500,22379000
2024-03-29,KT,SELL,191,37700,7200700
2024-03-29,기아,SELL,252,110200,27770400
2024-03-29,현대차,BUY,396,233000,92268000
2024-04-01,KT,SELL,899,37700,33892300
2024-04-01,KB금융,BUY,315,68400,21546000
2024-04-01,기아,SELL,116,108700,12609200
2024-04-02,KB금융,SELL,790,68900,54431000
2024-04-02,KT,BUY,969,37000,35853000
2024-04-02,기아,SELL,89,104700,9318300
2024-04-02,대한항공,BUY,824,21650,17839600
2024-04-03,KB금융,BUY,399,67300,26852700
2024-04-03,기아,SELL,323,101800,32881400
2024-04-03,대한항공,SELL,237,21500,5095500
2024-04-03,현대차,BUY,23,216000,4968000
2024-04-04,KB금융,SELL,939,69500,65260500
2024-04-04,현대차,SELL,419,226000,94694000
2024-04-04,HMM,BUY,1384,15670,21687280
2024-04-04,KT,SELL,449,36350,16321150
2024-04-04,기아,BUY,1720,106700,183524000
2024-04-04,대한항공,BUY,575,21250,12218750
2024-04-05,KT,SELL,22,36150,795300
2024-04-05,기아,SELL,586,105000,61530000
2024-04-05,대한항공,SELL,397,21100,8376700
2024-04-08,KT,SELL,498,36850,18351300
2024-04-08,대한항공,SELL,765,21150,16179750
2024-04-08,HMM,BUY,4027,15050,60606350
2024-04-08,NAVER,BUY,137,189900,26016300
2024-04-08,기아,SELL,320,108500,34720000
2024-04-09,HMM,SELL,5411,15800,85493800
2024-04-09,NAVER,SELL,137,189000,25893000
2024-04-09,KB금융,BUY,900,69100,62190000
2024-04-09,기아,BUY,494,108000,53352000
2024-04-09,현대차,BUY,215,228000,49020000
2024-04-11,현대차,SELL,215,241000,51815000
2024-04-11,KB금융,BUY,371,68300,25339300
2024-04-11,기아,SELL,1067,111700,119183900
2024-04-12,KB금융,BUY,498,66300,33017400
2024-04-12,KT,BUY,2452,34600,84839200
2024-04-12,기아,SELL,4,109800,439200
2024-04-15,KB금융,SELL,360,66200,23832000
2024-04-15,KT,SELL,578,34450,19912100
2024-04-15,NAVER,BUY,148,182800,27054400
2024-04-15,기아,BUY,183,114600,20971800
2024-04-15,대한항공,BUY,1185,20300,24055500
2024-04-16,KT,SELL,872,34250,29866000
2024-04-16,NAVER,BUY,84,179500,15078000
2024-04-16,기아,SELL,1901,114700,218044700
2024-04-16,대우건설,BUY,5201,3605,18749605
2024-04-16,대한항공,SELL,182,19980,3636360
2024-04-17,대우건설,SELL,5201,3600,18723600
2024-04-17,대한항공,SELL,1003,20150,20210450
2024-04-17,HMM,BUY,5349,14700,78630300
2024-04-17,KB금융,BUY,238,63100,15017800
2024-04-17,KT,BUY,604,33600,20294400
2024-04-17,NAVER,SELL,138,179600,24784800
2024-04-17,SK하이닉스,BUY,101,178700,18048700
2024-04-17,기아,BUY,527,113100,59603700
2024-04-17,현대차,BUY,384,233500,89664000
2024-04-18,NAVER,SELL,94,180700,16985800
2024-04-18,SK하이닉스,SELL,101,182300,18412300
2024-04-18,HMM,SELL,2054,14660,30111640
2024-04-18,KB금융,SELL,909,64000,58176000
2024-04-18,KT,SELL,719,33650,24194350
2024-04-18,기아,BUY,1282,112200,143840400
2024-04-18,현대차,BUY,18,231000,4158000
2024-04-19,HMM,SELL,3295,15500,51072500
2024-04-19,KB금융,BUY,220,63700,14014000
2024-04-19,KT,BUY,271,33300,9024300
2024-04-19,현대차,SELL,299,235000,70265000
2024-04-22,KB금융,SELL,958,69500,66581000
2024-04-22,KT,SELL,1158,34300,39719400
2024-04-22,현대차,SELL,103,245000,25235000
2024-04-22,SK하이닉스,BUY,304,171600,52166400
2024-04-22,기아,BUY,1544,115100,177714400
2024-04-23,SK하이닉스,SELL,111,171000,18981000
2024-04-23,기아,SELL,930,115900,107787000
2024-04-24,SK하이닉스,SELL,193,179800,34701400
2024-04-24,HMM,BUY,5335,14950,79758250
2024-04-24,기아,SELL,134,116200,15570800
2024-04-25,HMM,SELL,630,14850,9355500
2024-04-25,KB금융,BUY,833,69300,57726900
2024-04-25,KT,BUY,1094,34100,37305400
2024-04-25,기아,SELL,538,116600,62730800
2024-04-26,HMM,SELL,4705,15080,70951400
2024-04-26,KB금융,SELL,833,76000,63308000
2024-04-26,KT,SELL,1094,34500,37743000
2024-04-26,NAVER,BUY,217,181500,39385500
2024-04-26,기아,BUY,1751,118200,206968200
2024-04-29,NAVER,SELL,217,184700,40079900
2024-04-29,SK하이닉스,BUY,173,175900,30430700
2024-04-29,기아,BUY,82,118300,9700600
2024-04-30,기아,SELL,639,118000,75402000
2024-05-02,SK하이닉스,BUY,8,173600,1388800
2024-05-02,기아,SELL,977,119600,116849200
2024-05-03,HMM,BUY,3551,15310,54365810
2024-05-03,KB금융,BUY,486,73700,35818200
2024-05-03,SK하이닉스,SELL,73,173200,12643600
2024-05-03,기아,BUY,298,113900,33942200
2024-05-07,HMM,SELL,3551,15800,56105800
2024-05-07,SK하이닉스,SELL,108,179600,19396800
2024-05-07,KB금융,BUY,56,73900,4138400
2024-05-07,기아,BUY,942,115700,108989400
2024-05-07,현대차,BUY,172,242000,41624000
2024-05-08,KB금융,SELL,542,77700,42113400
2024-05-08,기아,SELL,27,116000,3132000
2024-05-08,현대차,SELL,75,242000,18150000
2024-05-09,KB금융,BUY,497,76600,38070200
2024-05-09,기아,SELL,860,111700,96062000
2024-05-09,현대차,BUY,122,237000,28914000
2024-05-10,KB금융,SELL,497,79300,39412100
2024-05-10,현대차,SELL,219,241500,52888500
2024-05-10,NAVER,BUY,211,188600,39794600
2024-05-10,기아,BUY,1271,114100,145021100
2024-05-13,기아,SELL,365,114300,41719500
2024-05-14,NAVER,BUY,30,184400,5532000
2024-05-14,기아,SELL,327,113900,37245300
2024-05-16,NAVER,SELL,241,188500,45428500
2024-05-16,KB금융,BUY,215,81000,17415000
2024-05-16,기아,SELL,1018,114700,116764600
2024-05-17,HMM,BUY,10706,16180,173223080
2024-05-17,KB금융,BUY,312,80100,24991200
2024-05-17,기아,SELL,221,112700,24906700
2024-05-17,대한항공,BUY,832,21700,18054400
2024-05-17,현대차,BUY,110,244000,26840000
2024-05-20,HMM,SELL,10706,17550,187890300
2024-05-20,KB금융,SELL,527,81600,43003200
2024-05-20,대한항공,SELL,832,21700,18054400
2024-05-20,현대차,SELL,110,250500,27555000
2024-05-20,NAVER,BUY,397,184000,73048000
2024-05-20,기아,BUY,1770,114900,203373000
2024-05-21,NAVER,SELL,55,183200,10076000
2024-05-21,기아,SELL,424,114400,48505600
2024-05-21,대한항공,BUY,1519,21400,32506600
2024-05-22,NAVER,SELL,27,182600,4930200
2024-05-22,기아,SELL,854,118900,101540600
2024-05-22,대한항공,BUY,214,21150,4526100
2024-05-23,대한항공,SELL,1733,21200,36739600
2024-05-23,HMM,BUY,2281,16600,37864600
2024-05-23,KT,BUY,1200,36250,43500000
2024-05-23,NAVER,SELL,31,182100,5645100
2024-05-23,기아,SELL,554,120500,66757000
2024-05-24,HMM,SELL,2281,16780,38275180
2024-05-24,KT,SELL,1200,36350,43620000
2024-05-24,KB금융,BUY,1488,76900,114427200
2024-05-24,NAVER,BUY,257,179000,46003000
2024-05-24,기아,BUY,380,120000,45600000
2024-05-24,대한항공,BUY,1515,20900,31663500
2024-05-27,대한항공,SELL,1515,21050,31890750
2024-05-27,KB금융,BUY,152,76300,11597600
2024-05-27,NAVER,SELL,72,179000,12888000
2024-05-28,KB금융,SELL,721,77100,55589100
2024-05-28,NAVER,BUY,94,177400,16675600
2024-05-28,기아,BUY,590,122400,72216000
2024-05-29,KB금융,SELL,365,78100,28506500
2024-05-29,NAVER,BUY,81,175300,14199300
2024-05-29,기아,SELL,494,122000,60268000
2024-05-29,대한항공,BUY,1868,20650,38574200
2024-05-30,KB금융,SELL,57,78700,4485900
2024-05-30,NAVER,BUY,141,170400,24026400
2024-05-30,기아,SELL,501,117700,58967700
2024-05-30,대한항공,SELL,579,20400,11811600
2024-05-30,현대차,BUY,173,257000,44461000
2024-05-31,대한항공,SELL,1289,20850,26875650
2024-05-31,HMM,BUY,934,18000,16812000
2024-05-31,KB금융,SELL,14,79400,1111600
2024-05-31,NAVER,SELL,189,170200,32167800
2024-05-31,SK하이닉스,BUY,341,189200,64517200
2024-05-31,기아,BUY,79,117700,9298300
2024-05-31,현대차,BUY,48,253000,12144000
2024-06-03,HMM,SELL,934,19130,17867420
2024-06-03,SK하이닉스,SELL,341,194200,66222200
2024-06-03,현대차,SELL,221,265000,58565000
2024-06-03,KB금융,BUY,463,79300,36715900
2024-06-03,NAVER,SELL,229,172700,39548300
2024-06-03,기아,BUY,1207,120700,145684900
2024-06-04,NAVER,SELL,367,176800,64885600
2024-06-04,KB금융,BUY,676,77600,52457600
2024-06-04,기아,BUY,104,119000,12376000
2024-06-05,KB금융,SELL,397,77400,30727800
2024-06-05,기아,SELL,124,119500,14818000
2024-06-07,KB금융,SELL,1225,79600,97510000
2024-06-07,NAVER,BUY,680,175400,119272000
2024-06-07,기아,BUY,196,121100,23735600
2024-06-10,기아,SELL,2396,121400,290874400
2024-06-10,대한항공,BUY,1028,21950,22564600
2024-06-11,대한항공,SELL,1028,22150,22770200
2024-06-11,HMM,BUY,16044,17500,280770000
2024-06-11,기아,SELL,571,122000,69662000
2024-06-12,HMM,BUY,1595,17100,27274500
2024-06-12,KB금융,BUY,397,79100,31402700
2024-06-12,기아,SELL,123,122500,15067500
2024-06-13,KB금융,SELL,397,81000,32157000
2024-06-13,HMM,SELL,1794,17030,30551820
2024-06-13,KT,BUY,582,36350,21155700
2024-06-13,NAVER,BUY,77,169900,13082300
2024-06-13,기아,BUY,532,121700,64744400
2024-06-14,HMM,SELL,15845,18050,286002250
2024-06-14,KT,SELL,582,36400,21184800
2024-06-14,KB금융,BUY,598,80900,48378200
2024-06-14,NAVER,BUY,394,169900,66940600
2024-06-14,기아,BUY,1310,122700,160737000
2024-06-14,대한항공,BUY,1399,22250,31127750
2024-06-17,기아,SELL,3685,129100,475733500
2024-06-17,대한항공,BUY,1726,21850,37713100
2024-06-18,HMM,BUY,4617,17930,82782810
2024-06-18,KB금융,BUY,2031,77400,157199400
2024-06-18,NAVER,BUY,758,166800,126434400
2024-06-18,기아,BUY,354,131000,46374000
2024-06-18,대한항공,SELL,682,21750,14833500
2024-06-19,HMM,SELL,4617,18510,85460670
2024-06-19,KB금융,SELL,2629,78900,207428100
2024-06-19,NAVER,BUY,251,167900,42142900
2024-06-19,기아,BUY,2009,132300,265790700
2024-06-19,대한항공,BUY,1166,21550,25127300
2024-06-20,NAVER,SELL,223,167200,37285600
2024-06-20,대한항공,SELL,1048,21400,22427200
2024-06-21,대한항공,SELL,2561,21450,54933450
2024-06-21,NAVER,SELL,567,167600,95029200
2024-06-21,기아,BUY,181,127900,23149900
2024-06-21,현대차,BUY,213,280000,59640000
2024-06-24,현대차,SELL,213,281000,59853000
2024-06-24,HMM,BUY,5980,18980,113500400
2024-06-24,NAVER,SELL,225,168900,38002500
2024-06-24,기아,SELL,436,128300,55938800
2024-06-24,대우건설,BUY,13917,3710,51632070
2024-06-25,대우건설,SELL,13917,3725,51840825
2024-06-25,HMM,SELL,646,19180,12390280
2024-06-25,KB금융,BUY,1084,79000,85636000
2024-06-25,기아,SELL,263,129000,33927000
2024-06-26,HMM,BUY,3787,19140,72483180
2024-06-26,KB금융,BUY,65,78900,5128500
2024-06-26,기아,SELL,400,130800,52320000
2024-06-27,HMM,BUY,1891,19010,35947910
2024-06-27,KB금융,SELL,99,78500,7771500
2024-06-27,KT,BUY,2010,36450,73264500
2024-06-27,기아,SELL,1403,131500,184494500
2024-06-28,HMM,SELL,11012,19630,216165560
2024-06-28,KT,SELL,2010,37400,75174000
2024-06-28,KB금융,SELL,115,78500,9027500
2024-06-28,NAVER,BUY,1060,166900,176914000
2024-06-28,기아,BUY,2393,129300,309414900
2024-07-01,KB금융,SELL,935,79600,74426000
2024-07-01,HMM,BUY,1715,19690,33768350
2024-07-01,기아,SELL,1127,128600,144932200
2024-07-01,현대차,BUY,399,286000,114114000
2024-07-02,HMM,SELL,1715,19970,34248550
2024-07-02,KT,BUY,1145,36250,41506250
2024-07-02,NAVER,SELL,256,159900,40934400
2024-07-02,기아,SELL,427,123600,52777200
2024-07-02,대우건설,BUY,6050,3735,22596750
2024-07-02,대한항공,BUY,2531,22850,57833350
2024-07-03,KT,SELL,1145,36500,41792500
2024-07-03,대우건설,SELL,6050,3690,22324500
2024-07-03,HMM,BUY,3439,19900,68436100
2024-07-03,NAVER,BUY,224,159800,35795200
2024-07-03,대한항공,SELL,825,22700,18727500
2024-07-03,현대차,SELL,121,276000,33396000
2024-07-04,대한항공,SELL,1706,22750,38811500
2024-07-04,현대차,SELL,278,277500,77145000
2024-07-04,HMM,BUY,3045,19780,60230100
2024-07-04,NAVER,BUY,259,159800,41388200
2024-07-04,SK하이닉스,BUY,150,230000,34500000
2024-07-04,기아,BUY,550,125600,69080000
2024-07-05,SK하이닉스,SELL,150,236000,35400000
2024-07-05,NAVER,SELL,1321,168100,222060100
2024-07-05,기아,BUY,909,126300,114806700
2024-07-08,KB금융,BUY,386,86900,33543400
2024-07-08,KT,BUY,826,36000,29736000
2024-07-08,NAVER,SELL,512,170500,87296000
2024-07-08,기아,SELL,814,124200,101098800
2024-07-09,KT,SELL,826,36150,29859900
2024-07-09,HMM,BUY,10419,18050,188062950
2024-07-09,KB금융,BUY,432,85200,36806400
2024-07-09,NAVER,BUY,90,170700,15363000
2024-07-09,기아,SELL,305,122500,37362500
2024-07-09,대한항공,BUY,836,22550,18851800
2024-07-09,현대차,BUY,277,274500,76036500
2024-07-10,HMM,SELL,3254,18120,58962480
2024-07-10,KB금융,BUY,380,83600,31768000
2024-07-10,NAVER,SELL,391,177500,69402500
2024-07-10,기아,BUY,785,122000,95770000
2024-07-10,현대차,SELL,51,274500,13999500
2024-07-11,KB금융,SELL,1198,85400,102309200
2024-07-11,대한항공,SELL,836,22250,18601000
2024-07-11,현대차,SELL,226,278500,62941000
2024-07-11,HMM,BUY,816,17980,14671680
2024-07-11,NAVER,BUY,548,176100,96502800
2024-07-11,기아,BUY,716,122300,87566800
2024-07-12,HMM,SELL,185,17560,3248600
2024-07-12,기아,SELL,1150,121300,139495000
2024-07-12,대한항공,BUY,794,22100,17547400
2024-07-12,현대차,BUY,255,271500,69232500
2024-07-15,대한항공,SELL,794,22050,17507700
2024-07-15,HMM,SELL,2929,17610,51579690
2024-07-15,KB금융,BUY,492,85700,42164400
2024-07-15,NAVER,SELL,77,176300,13575100
2024-07-15,SK하이닉스,BUY,168,230000,38640000
2024-07-15,기아,BUY,469,120000,56280000
2024-07-15,현대차,BUY,5,268500,1342500
2024-07-16,SK하이닉스,SELL,168,233000,39144000
2024-07-16,현대차,SELL,260,274500,71370000
2024-07-16,HMM,SELL,5794,18100,104871400
2024-07-16,KB금융,BUY,605,84100,50880500
2024-07-16,NAVER,BUY,661,171600,113427600
2024-07-16,기아,SELL,102,122900,12535800
2024-07-16,대우건설,BUY,15582,4100,63886200
2024-07-17,대우건설,SELL,15582,4180,65132760
2024-07-17,HMM,BUY,1573,17950,28235350
2024-07-17,KB금융,SELL,517,84100,43479700
2024-07-17,NAVER,SELL,486,173400,84272400
2024-07-17,SK하이닉스,BUY,430,220500,94815000
2024-07-17,기아,BUY,104,121000,12584000
2024-07-17,현대차,BUY,213,268500,57190500
2024-07-18,KB금융,SELL,280,84400,23632000
2024-07-18,NAVER,SELL,242,174900,42325800
2024-07-18,SK하이닉스,BUY,55,212500,11687500
2024-07-18,기아,SELL,59,119900,7074100
2024-07-18,현대차,BUY,234,260500,60957000
2024-07-19,KB금융,SELL,300,84800,25440000
2024-07-19,NAVER,BUY,39,172200,6715800
2024-07-19,SK하이닉스,SELL,193,209500,40433500
2024-07-19,기아,SELL,390,116300,45357000
2024-07-19,대우건설,BUY,7459,4120,30731080
2024-07-19,대한항공,BUY,1453,21550,31312150
2024-07-19,현대차,SELL,151,258500,39033500
2024-07-22,대우건설,SELL,7459,4175,31141325
2024-07-22,HMM,BUY,5271,17030,89765130
2024-07-22,NAVER,SELL,48,172700,8289600
2024-07-22,SK하이닉스,BUY,26,205000,5330000
2024-07-22,대한항공,SELL,616,21400,13182400
2024-07-22,현대차,BUY,20,255000,5100000
2024-07-23,현대차,SELL,316,263500,83266000
2024-07-23,HMM,BUY,2137,16900,36115300
2024-07-23,NAVER,BUY,366,170600,62439600
2024-07-23,SK하이닉스,SELL,58,205000,11890000
2024-07-23,기아,BUY,219,120500,26389500
2024-07-24,대한항공,SELL,837,21250,17786250
2024-07-24,HMM,SELL,4920,16970,83492400
2024-07-24,KB금융,BUY,1129,84600,95513400
2024-07-24,NAVER,SELL,288,171700,49449600
2024-07-24,SK하이닉스,SELL,175,208500,36487500
2024-07-24,기아,BUY,43,118400,5091200
2024-07-24,대우건설,BUY,9226,4015,37042390
2024-07-25,대우건설,SELL,9226,3975,36673350
2024-07-25,HMM,SELL,2057,16940,34845580
2024-07-25,KB금융,SELL,364,84000,30576000
2024-07-25,NAVER,SELL,530,178000,94340000
2024-07-25,SK하이닉스,BUY,689,190000,130910000
2024-07-25,기아,BUY,173,115000,19895000
2024-07-26,KB금융,SELL,765,87900,67243500
2024-07-26,HMM,SELL,1764,17090,30146760
2024-07-26,NAVER,BUY,359,174800,62753200
2024-07-26,SK하이닉스,SELL,395,191800,75761000
2024-07-26,기아,BUY,626,112100,70174600
2024-07-29,HMM,BUY,293,17230,5048390
2024-07-29,NAVER,BUY,219,175000,38325000
2024-07-29,SK하이닉스,SELL,130,195600,25428000
2024-07-30,HMM,SELL,3850,17550,67567500
2024-07-30,KB금융,BUY,301,89300,26879300
2024-07-30,NAVER,SELL,31,173300,5372300
2024-07-30,SK하이닉스,BUY,181,188900,34190900
2024-07-30,기아,BUY,149,111600,16628400
2024-07-30,대우건설,BUY,11217,4060,45541020
2024-07-30,대한항공,BUY,649,21100,13693900
2024-07-30,현대차,BUY,232,250000,58000000
2024-07-31,HMM,SELL,2240,18200,40768000
2024-07-31,대우건설,SELL,11217,4170,46774890
2024-07-31,대한항공,SELL,649,21250,13791250
2024-07-31,KB금융,BUY,430,87900,37797000
2024-07-31,NAVER,BUY,26,174000,4524000
2024-07-31,SK하이닉스,SELL,257,194600,50012200
2024-07-31,기아,BUY,885,112100,99208500
2024-08-01,KB금융,SELL,390,88300,34437000
2024-08-01,KT,BUY,646,38750,25032500
2024-08-01,NAVER,SELL,26,175000,4550000
2024-08-01,현대차,SELL,133,253500,33715500
2024-08-02,KT,SELL,646,38850,25097100
2024-08-02,NAVER,SELL,124,171400,21253600
2024-08-02,기아,SELL,1781,107100,190745100
2024-08-02,대우건설,BUY,6507,3985,25930395
2024-08-02,대한항공,BUY,591,20950,12381450
2024-08-02,현대차,BUY,205,244000,50020000
2024-08-05,HMM,BUY,5433,16280,88449240
2024-08-05,KB금융,BUY,1152,76800,88473600
2024-08-05,KT,BUY,673,37050,24934650
2024-08-05,기아,SELL,1468,96300,141368400
2024-08-05,대우건설,BUY,5138,3640,18702320
2024-08-05,대한항공,BUY,352,19900,7004800
2024-08-05,현대차,BUY,98,224000,21952000
2024-08-06,대우건설,SELL,11645,3705,43144725
2024-08-06,대한항공,SELL,943,20050,18907150
2024-08-06,HMM,SELL,2778,17230,47864940
2024-08-06,KB금융,BUY,9,79500,715500
2024-08-06,KT,BUY,108,36550,3947400
2024-08-06,NAVER,BUY,296,158400,46886400
2024-08-06,SK하이닉스,BUY,488,163700,79885600
2024-08-06,현대차,SELL,178,235000,41830000
2024-08-07,KT,SELL,781,37800,29521800
2024-08-07,HMM,BUY,323,17160,5542680
2024-08-07,KB금융,SELL,148,81600,12076800
2024-08-07,NAVER,SELL,180,162700,29286000
2024-08-07,SK하이닉스,SELL,168,169300,28442400
2024-08-07,현대차,SELL,51,236000,12036000
2024-08-08,HMM,SELL,950,17310,16444500
2024-08-08,KB금융,BUY,120,82200,9864000
2024-08-08,NAVER,SELL,7,162700,1138900
2024-08-08,SK하이닉스,BUY,181,163400,29575400
2024-08-08,현대차,SELL,49,236500,11588500
2024-08-09,현대차,SELL,124,243000,30132000
2024-08-09,HMM,SELL,101,17370,1754370
2024-08-09,KB금융,BUY,292,81900,23914800
2024-08-09,NAVER,BUY,15,163700,2455500
2024-08-09,SK하이닉스,SELL,236,171500,40474000
2024-08-09,기아,BUY,2551,101900,259946900
2024-08-12,HMM,SELL,910,17570,15988700
2024-08-12,KB금융,SELL,178,82500,14685000
2024-08-12,SK하이닉스,SELL,40,177000,7080000
2024-08-12,기아,SELL,186,102100,18990600
2024-08-12,현대차,BUY,71,243500,17288500
2024-08-13,HMM,BUY,1063,17500,18602500
2024-08-13,KB금융,SELL,436,84600,36885600
2024-08-13,SK하이닉스,SELL,50,181900,9095000
2024-08-13,기아,SELL,514,102800,52839200
2024-08-13,대우건설,BUY,7966,3940,31386040
2024-08-13,현대차,BUY,57,243000,13851000
2024-08-14,대우건설,SELL,7966,3980,31704680
2024-08-14,HMM,SELL,428,17630,7545640
2024-08-14,KB금융,BUY,229,84400,19327600
2024-08-14,NAVER,BUY,399,157300,62762700
2024-08-14,SK하이닉스,SELL,14,186700,2613800
2024-08-14,기아,BUY,141,102300,14424300
2024-08-14,현대차,BUY,82,241000,19762000
2024-08-16,HMM,SELL,1652,17940,29636880
2024-08-16,현대차,SELL,210,255000,53550000
2024-08-16,KB금융,BUY,433,84000,36372000
2024-08-16,KT,BUY,288,37900,10915200
2024-08-16,NAVER,BUY,222,157500,34965000
2024-08-16,SK하이닉스,SELL,161,199700,32151700
2024-08-16,기아,BUY,173,105900,18320700
2024-08-16,대우건설,BUY,3743,3950,14784850
2024-08-19,KT,SELL,288,38250,11016000
2024-08-19,대우건설,SELL,3743,3955,14803565
2024-08-19,HMM,BUY,603,17920,10805760
2024-08-19,KB금융,SELL,742,87000,64554000
2024-08-19,NAVER,SELL,36,156600,5637600
2024-08-19,SK하이닉스,BUY,304,193900,58945600
2024-08-19,기아,BUY,255,103200,26316000
2024-08-20,KB금융,SELL,187,89900,16811300
2024-08-20,NAVER,BUY,41,156600,6420600
2024-08-20,SK하이닉스,SELL,146,199700,29156200
2024-08-20,기아,BUY,112,103400,11580800
2024-08-20,현대차,BUY,64,256000,16384000
2024-08-21,HMM,BUY,264,17820,4704480
2024-08-21,NAVER,SELL,154,156400,24085600
2024-08-21,기아,SELL,858,103000,88374000
2024-08-21,현대차,BUY,107,252500,27017500
2024-08-22,HMM,SELL,867,17970,15579990
2024-08-22,KB금융,BUY,815,86500,70497500
2024-08-22,NAVER,SELL,543,164700,89432100
2024-08-22,SK하이닉스,BUY,157,191100,30002700
2024-08-22,기아,BUY,530,102400,54272000
2024-08-22,대우건설,BUY,4913,4185,20560905
2024-08-23,대우건설,SELL,4913,4230,20781990
2024-08-23,HMM,BUY,1766,17630,31134580
2024-08-23,KB금융,SELL,110,86800,9548000
2024-08-23,NAVER,BUY,45,164900,7420500
2024-08-23,기아,SELL,72,104000,7488000
2024-08-23,대한항공,BUY,439,22100,9701900
2024-08-23,현대차,SELL,66,252500,16665000
2024-08-26,대한항공,SELL,439,22650,9943350
2024-08-26,HMM,SELL,1057,17700,18708900
2024-08-26,KB금융,SELL,246,88500,21771000
2024-08-26,NAVER,SELL,358,170700,61110600
2024-08-26,SK하이닉스,BUY,259,179600,46516400
2024-08-26,기아,BUY,719,102800,73913200
2024-08-26,현대차,BUY,77,249500,19211500
2024-08-27,SK하이닉스,SELL,57,175000,9975000
2024-08-27,기아,SELL,616,101800,62708800
2024-08-27,대우건설,BUY,3552,4230,15024960
2024-08-27,현대차,BUY,1,247500,247500
2024-08-28,현대차,SELL,183,259000,47397000
2024-08-28,HMM,BUY,508,17380,8829040
2024-08-28,KB금융,BUY,586,85800,50278800
2024-08-28,KT,BUY,303,39300,11907900
2024-08-28,SK하이닉스,SELL,217,179300,38908100
2024-08-28,기아,SELL,549,104600,57425400
2024-08-28,대우건설,BUY,9968,4025,40121200
2024-08-28,대한항공,BUY,645,22200,14319000
2024-08-29,HMM,BUY,1370,17100,23427000
2024-08-29,KB금융,SELL,338,86900,29372200
2024-08-29,KT,BUY,17,39000,663000
2024-08-29,NAVER,BUY,412,164900,67938800
2024-08-29,기아,SELL,143,106600,15243800
2024-08-29,대우건설,SELL,8917,4000,35668000
2024-08-29,대한항공,SELL,163,22100,3602300
2024-08-30,대우건설,SELL,4603,4030,18550090
2024-08-30,대한항공,SELL,482,22050,10628100
2024-08-30,HMM,BUY,548,16970,9299560
2024-08-30,KB금융,BUY,287,85900,24653300
2024-08-30,KT,BUY,86,38600,3319600
2024-08-30,NAVER,SELL,276,169100,46671600
2024-08-30,SK하이닉스,BUY,113,173700,19628100
2024-08-30,기아,BUY,491,106100,52095100
2024-08-30,현대차,BUY,134,255500,34237000
2024-09-02,KT,SELL,406,39100,15874600
2024-09-02,KB금융,SELL,530,87700,46481000
2024-09-02,NAVER,BUY,157,166600,26156200
2024-09-02,SK하이닉스,SELL,16,174000,2784000
2024-09-02,기아,SELL,337,106100,35755700
2024-09-02,현대차,BUY,220,246000,54120000
2024-09-03,HMM,SELL,967,16900,16342300
2024-09-03,KB금융,BUY,3,87000,261000
2024-09-03,NAVER,SELL,34,165300,5620200
2024-09-03,SK하이닉스,BUY,68,168300,11444400
2024-09-03,기아,BUY,17,102200,1737400
2024-09-03,대우건설,BUY,4386,4000,17544000
2024-09-03,현대차,BUY,50,237500,11875000
2024-09-04,기아,SELL,990,100200,99198000
2024-09-04,대우건설,BUY,1178,3905,4600090
2024-09-04,대한항공,BUY,514,21650,11128100
2024-09-04,현대차,SELL,110,232500,25575000
2024-09-05,대한항공,SELL,514,22450,11539300
2024-09-05,HMM,SELL,1181,16800,19840800
2024-09-05,KB금융,BUY,120,84600,10152000
2024-09-05,NAVER,BUY,254,159800,40589200
2024-09-05,SK하이닉스,SELL,19,159400,3028600
2024-09-05,기아,BUY,920,100700,92644000
2024-09-05,대우건설,SELL,1246,3860,4809560
2024-09-05,현대차,BUY,21,229000,4809000
2024-09-06,기아,SELL,300,100000,30000000
2024-09-06,대우건설,SELL,2507,3850,9651950
2024-09-06,현대차,SELL,79,227500,17972500
2024-09-09,HMM,BUY,1166,16270,18970820
2024-09-09,KB금융,BUY,241,82300,19834300
2024-09-09,SK하이닉스,SELL,39,157000,6123000
2024-09-09,기아,SELL,85,100800,8568000
2024-09-09,대우건설,BUY,120,3840,460800
2024-09-09,대한항공,BUY,441,22050,9724050
2024-09-09,현대차,SELL,82,229500,18819000
2024-09-10,HMM,SELL,2153,16530,35589090
2024-09-10,KB금융,SELL,82,82900,6797800
2024-09-10,NAVER,BUY,65,159000,10335000
2024-09-10,SK하이닉스,BUY,123,155500,19126500
2024-09-10,기아,BUY,489,100200,48997800
2024-09-10,대한항공,SELL,10,21900,219000
2024-09-10,현대차,SELL,25,231000,5775000
2024-09-11,대한항공,SELL,431,21900,9438900
2024-09-11,NAVER,SELL,39,156400,6099600
2024-09-11,SK하이닉스,SELL,203,157200,31911600
2024-09-11,기아,SELL,299,96200,28763800
2024-09-11,대우건설,BUY,450,3770,1696500
2024-09-11,현대차,BUY,131,223500,29278500
2024-09-12,대우건설,SELL,2381,3940,9381140
2024-09-12,NAVER,BUY,5,160000,800000
2024-09-12,SK하이닉스,SELL,194,168800,32747200
2024-09-12,기아,BUY,648,99100,64216800
2024-09-12,현대차,SELL,206,232000,47792000
2024-09-13,현대차,SELL,54,237000,12798000
2024-09-13,KB금융,BUY,176,81800,14396800
2024-09-13,NAVER,BUY,69,160100,11046900
2024-09-13,기아,SELL,9,100500,904500
2024-09-19,KB금융,BUY,244,82500,20130000
2024-09-19,NAVER,SELL,28,160600,4496800
2024-09-19,기아,SELL,757,103500,78349500
2024-09-19,대우건설,BUY,2471,4015,9921065
2024-09-20,KB금융,BUY,169,83600,14128400
2024-09-20,NAVER,BUY,147,159900,23505300
2024-09-20,SK하이닉스,BUY,463,157100,72737300
2024-09-20,기아,SELL,82,105600,8659200
2024-09-20,대우건설,BUY,5435,3960,21522600
2024-09-23,KB금융,SELL,123,85000,10455000
2024-09-23,NAVER,SELL,524,166700,87350800
2024-09-23,SK하이닉스,SELL,182,162000,29484000
2024-09-23,기아,BUY,775,103200,79980000
2024-09-23,대우건설,BUY,1777,3875,6885875
2024-09-23,대한항공,BUY,875,22200,19425000
2024-09-24,대우건설,SELL,9683,3975,38489925
2024-09-24,대한항공,SELL,875,22500,19687500
2024-09-24,NAVER,SELL,34,168000,5712000
2024-09-24,SK하이닉스,BUY,49,163500,8011500
2024-09-24,기아,SELL,105,103800,10899000
2024-09-25,KT,BUY,485,40500,19642500
2024-09-25,NAVER,BUY,60,166200,9972000
2024-09-25,SK하이닉스,SELL,104,165300,17191200
2024-09-25,기아,SELL,949,102800,97557200
2024-09-25,대우건설,BUY,6193,3900,24152700
2024-09-25,현대차,BUY,97,251500,24395500
2024-09-26,KT,SELL,485,41500,20127500
2024-09-26,대우건설,SELL,6193,3930,24338490
2024-09-26,현대차,SELL,97,259000,25123000
2024-09-26,KB금융,BUY,1347,81200,109376400
2024-09-26,NAVER,SELL,43,170900,7348700
2024-09-26,SK하이닉스,SELL,341,180900,61686900
2024-09-27,KB금융,SELL,846,83800,70894800
2024-09-27,KT,BUY,643,40300,25912900
2024-09-27,NAVER,BUY,74,170400,12609600
2024-09-27,SK하이닉스,BUY,203,183800,37311400
2024-09-27,기아,BUY,872,104800,91385600
2024-09-27,대우건설,BUY,8699,3865,33621635
2024-09-27,현대차,BUY,92,254500,23414000
2024-09-30,KT,SELL,437,40200,17567400
2024-09-30,NAVER,SELL,130,169400,22022000
2024-09-30,기아,SELL,632,99900,63136800
2024-09-30,대우건설,SELL,3877,3830,14848910
2024-09-30,대한항공,BUY,665,22550,14995750
2024-09-30,현대차,BUY,195,244000,47580000
2024-10-02,대한항공,SELL,665,22550,14995750
2024-10-02,HMM,BUY,2012,17990,36195880
2024-10-02,KB금융,SELL,252,81300,20487600
2024-10-02,KT,BUY,127,39750,5048250
2024-10-02,NAVER,BUY,1,168200,168200
2024-10-02,SK하이닉스,BUY,264,169100,44642400
2024-10-02,기아,SELL,121,98700,11942700
2024-10-02,대우건설,BUY,695,3765,2616675
2024-10-02,현대차,BUY,58,237000,13746000
2024-10-04,KT,SELL,333,40800,13586400
2024-10-04,KB금융,SELL,206,82600,17015600
2024-10-04,NAVER,SELL,137,170700,23385900
2024-10-04,SK하이닉스,SELL,236,174100,41087600
2024-10-04,기아,BUY,391,98000,38318000
2024-10-04,대우건설,SELL,2462,3745,9220190
2024-10-04,대한항공,BUY,1434,21700,31117800
2024-10-04,현대차,SELL,159,239500,38080500
2024-10-07,대우건설,SELL,3055,3795,11593725
2024-10-07,현대차,SELL,186,247000,45942000
2024-10-07,HMM,BUY,4304,17040,73340160
2024-10-07,KB금융,SELL,308,87300,26888400
2024-10-07,NAVER,BUY,450,166100,74745000
2024-10-07,SK하이닉스,SELL,212,184900,39198800
2024-10-07,대한항공,SELL,630,21600,13608000
2024-10-08,대한항공,SELL,804,21600,17366400
2024-10-08,HMM,SELL,2687,17060,45840220
2024-10-08,KB금융,BUY,27,89400,2413800
2024-10-08,KT,BUY,384,40150,15417600
2024-10-08,NAVER,SELL,109,166200,18115800
2024-10-08,SK하이닉스,BUY,423,178000,75294000
2024-10-08,기아,BUY,507,99600,50497200
2024-10-10,KT,SELL,384,40300,15475200
2024-10-10,HMM,BUY,419,16870,7068530
2024-10-10,NAVER,SELL,403,172400,69477200
2024-10-10,SK하이닉스,SELL,294,186700,54889800
2024-10-10,기아,BUY,344,100800,34675200
2024-10-10,대우건설,BUY,4741,3760,17826160
2024-10-10,현대차,BUY,83,246000,20418000
2024-10-11,대우건설,SELL,4741,3790,17968390
2024-10-11,HMM,SELL,918,16870,15486660
2024-10-11,KB금융,BUY,580,91300,52954000
2024-10-11,NAVER,BUY,73,173300,12650900
2024-10-11,기아,SELL,16,101100,1617600
2024-10-11,현대차,SELL,30,248500,7455000
2024-10-14,HMM,SELL,3130,17240,53961200
2024-10-14,KB금융,SELL,969,97200,94186800
2024-10-14,NAVER,BUY,335,171400,57419000
2024-10-14,SK하이닉스,BUY,193,187500,36187500
2024-10-14,기아,BUY,785,100600,78971000
2024-10-14,현대차,BUY,50,248500,12425000
2024-10-15,NAVER,SELL,291,175200,50983200
2024-10-15,SK하이닉스,SELL,193,192900,37229700
2024-10-15,기아,SELL,496,99700,49451200
2024-10-15,현대차,BUY,93,246000,22878000
2024-10-16,KB금융,BUY,924,95400,88149600
2024-10-16,NAVER,SELL,65,177000,11505000
2024-10-16,SK하이닉스,BUY,196,188700,36985200
2024-10-16,현대차,SELL,62,247000,15314000
2024-10-17,KB금융,BUY,1,93700,93700
2024-10-17,SK하이닉스,SELL,322,196000,63112000
2024-10-17,기아,SELL,160,95200,15232000
2024-10-17,현대차,BUY,300,235500,70650000
2024-10-18,KB금융,SELL,356,94400,33606400
2024-10-18,NAVER,BUY,40,176800,7072000
2024-10-18,기아,SELL,403,95100,38325300
2024-10-18,대우건설,BUY,3498,3780,13222440
2024-10-18,현대차,SELL,131,234500,30719500
2024-10-21,대우건설,SELL,3498,3795,13274910
2024-10-21,HMM,BUY,1521,17450,26541450
2024-10-21,KB금융,BUY,464,93500,43384000
2024-10-21,NAVER,BUY,72,176800,12729600
2024-10-21,SK하이닉스,BUY,152,190900,29016800
2024-10-21,현대차,SELL,127,237000,30099000
2024-10-22,HMM,BUY,1707,17160,29292120
2024-10-22,KB금융,SELL,583,94100,54860300
2024-10-22,NAVER,BUY,213,171200,36465600
2024-10-22,SK하이닉스,BUY,52,187800,9765600
2024-10-22,기아,SELL,110,92500,10175000
2024-10-22,대우건설,BUY,6969,3705,25820145
2024-10-22,현대차,BUY,8,234500,1876000
2024-10-23,현대차,SELL,184,241000,44344000
2024-10-23,HMM,BUY,1015,17050,17305750
2024-10-23,KT,BUY,315,42700,13450500
2024-10-23,NAVER,SELL,79,172500,13627500
2024-10-23,SK하이닉스,SELL,241,196000,47236000
2024-10-23,기아,BUY,386,93000,35898000
2024-10-23,대우건설,SELL,1800,3655,6579000
2024-10-23,대한항공,BUY,726,23300,16915800
2024-10-24,KT,SELL,315,43800,13797000
2024-10-24,대우건설,SELL,5169,3635,18789315
2024-10-24,대한항공,SELL,726,23450,17024700
2024-10-24,HMM,SELL,1034,17050,17629700
2024-10-24,KB금융,BUY,352,93200,32806400
2024-10-24,NAVER,SELL,104,172100,17898400
2024-10-24,SK하이닉스,BUY,34,198200,6738800
2024-10-24,기아,SELL,245,90900,22270500
2024-10-25,HMM,BUY,1567,16830,26372610
2024-10-25,KB금융,SELL,1255,101000,126755000
2024-10-25,NAVER,BUY,386,167800,64770800
2024-10-25,SK하이닉스,BUY,33,201000,6633000
2024-10-25,기아,BUY,195,92700,18076500
2024-10-25,현대차,BUY,473,225500,106661500
2024-10-28,HMM,SELL,4776,17290,82577040
2024-10-28,NAVER,SELL,219,170400,37317600
2024-10-28,SK하이닉스,BUY,233,196000,45668000
2024-10-28,기아,SELL,801,95500,76495500
2024-10-28,현대차,SELL,121,226500,27406500
2024-10-29,KB금융,BUY,1503,95500,143536500
2024-10-29,NAVER,BUY,53,169200,8967600
2024-10-29,SK하이닉스,BUY,29,190300,5518700
2024-10-29,기아,BUY,72,93700,6746400
2024-10-29,현대차,BUY,60,224000,13440000
2024-10-30,NAVER,SELL,278,174400,48483200
2024-10-30,SK하이닉스,SELL,299,195000,58305000
2024-10-30,기아,BUY,403,94100,37922300
2024-10-30,현대차,BUY,184,220500,40572000
2024-10-31,KB금융,BUY,158,90300,14267400
2024-10-31,기아,SELL,1658,91900,152370200
2024-10-31,대우건설,BUY,11555,3535,40846925
2024-10-31,대한항공,BUY,543,23900,12977700
2024-10-31,현대차,SELL,38,215000,8170000
2024-11-01,대우건설,SELL,11555,3540,40904700
2024-11-01,HMM,BUY,3541,17070,60444870
2024-11-01,KB금융,SELL,344,91800,31579200
2024-11-01,NAVER,BUY,578,169700,98086600
2024-11-01,기아,SELL,403,94300,38002900
2024-11-01,대한항공,BUY,470,23600,11092000
2024-11-01,현대차,BUY,92,213500,19642000
2024-11-04,HMM,SELL,3541,17860,63242260
2024-11-04,SK하이닉스,SELL,206,194000,39964000
2024-11-04,대한항공,SELL,1013,24350,24666550
2024-11-04,NAVER,SELL,126,175700,22138200
2024-11-04,기아,BUY,502,97400,48894800
2024-11-04,현대차,SELL,250,216500,54125000
2024-11-05,KB금융,BUY,1388,91000,126308000
2024-11-05,KT,BUY,1275,43050,54888750
2024-11-05,NAVER,BUY,81,176500,14296500
2024-11-05,현대차,SELL,7,215000,1505000
2024-11-06,KT,SELL,1275,43900,55972500
2024-11-06,KB금융,SELL,1972,94000,185368000
2024-11-06,NAVER,SELL,67,176300,11812100
2024-11-06,기아,BUY,72,95000,6840000
2024-11-06,대한항공,BUY,992,24100,23907200
2024-11-06,현대차,BUY,421,206500,86936500
2024-11-07,대한항공,SELL,992,24150,23956800
2024-11-07,HMM,BUY,6812,17100,116485200
2024-11-07,KT,BUY,609,42850,26095650
2024-11-07,NAVER,SELL,186,179700,33424200
2024-11-07,현대차,SELL,273,207500,56647500
2024-11-08,HMM,SELL,2442,17050,41636100
2024-11-08,KB금융,BUY,489,93200,45574800
2024-11-08,KT,BUY,1484,41100,60992400
2024-11-08,기아,SELL,195,93000,18135000
2024-11-08,현대차,BUY,7,203500,1424500
2024-11-11,KT,SELL,2093,44400,92929200
2024-11-11,현대차,SELL,548,211000,115628000
2024-11-11,HMM,BUY,13070,15750,205852500
2024-11-11,KB금융,BUY,132,92700,12236400
2024-11-11,NAVER,BUY,215,176000,37840000
2024-11-11,기아,SELL,716,94600,67733600
2024-11-11,대우건설,BUY,7462,3610,26937820
2024-11-12,대우건설,SELL,7462,3585,26751270
2024-11-12,HMM,SELL,8014,16020,128384280
2024-11-12,KB금융,SELL,24,92700,2224800
2024-11-12,NAVER,SELL,398,181400,72197200
2024-11-12,SK하이닉스,BUY,436,185800,81008800
2024-11-12,기아,BUY,1198,91900,110096200
2024-11-12,대한항공,BUY,1455,23200,33756000
2024-11-13,HMM,SELL,9426,17020,160430520
2024-11-13,대한항공,SELL,1455,23300,33901500
2024-11-13,KB금융,BUY,455,91000,41405000
2024-11-13,KT,BUY,530,42600,22578000
2024-11-13,NAVER,BUY,92,182200,16762400
2024-11-13,SK하이닉스,SELL,84,182900,15363600
2024-11-13,기아,BUY,207,90800,18795600
2024-11-13,대우건설,BUY,11552,3445,39796640
2024-11-14,대우건설,SELL,11552,3700,42742400
2024-11-14,KB금융,BUY,512,89900,46028800
2024-11-14,KT,BUY,1613,41150,66374950
2024-11-14,NAVER,SELL,233,188500,43920500
2024-11-14,SK하이닉스,BUY,435,173000,75255000
2024-11-14,기아,SELL,620,92500,57350000
2024-11-15,KT,SELL,2143,41500,88934500
2024-11-15,KB금융,BUY,666,89600,59673600
2024-11-15,NAVER,BUY,306,190000,58140000
2024-11-15,SK하이닉스,SELL,588,178200,104781600
2024-11-15,기아,BUY,1491,91600,136575600
2024-11-15,현대차,BUY,127,206000,26162000
2024-11-18,현대차,SELL,127,217000,27559000
2024-11-18,KB금융,BUY,23,91500,2104500
2024-11-18,기아,SELL,1828,96700,176767600
2024-11-19,KB금융,SELL,67,91600,6137200
2024-11-19,NAVER,BUY,273,193000,52689000
2024-11-19,SK하이닉스,BUY,395,170600,67387000
2024-11-19,기아,BUY,926,95300,88247800
2024-11-20,KB금융,SELL,836,95600,79921600
2024-11-20,NAVER,BUY,409,193100,78977900
2024-11-20,기아,SELL,59,98100,5787900
2024-11-21,KB금융,SELL,512,97300,49817600
2024-11-21,NAVER,BUY,89,189700,16883300
2024-11-21,SK하이닉스,SELL,23,168800,3882400
2024-11-21,기아,SELL,280,97600,27328000
2024-11-22,SK하이닉스,SELL,571,176700,100895700
2024-11-22,KB금융,BUY,662,98400,65140800
2024-11-22,NAVER,SELL,42,190000,7980000
2024-11-22,기아,BUY,750,97800,73350000
2024-11-22,현대차,BUY,191,217000,41447000
2024-11-25,현대차,SELL,191,219000,41829000
2024-11-25,NAVER,SELL,526,193200,101623200
2024-11-25,SK하이닉스,BUY,226,177000,40002000
2024-11-25,기아,BUY,508,97200,49377600
2024-11-26,NAVER,SELL,249,195600,48704400
2024-11-26,SK하이닉스,BUY,58,177100,10271800
2024-11-26,기아,SELL,882,97300,85818600
2024-11-27,HMM,BUY,4294,18520,79524880
2024-11-27,KB금융,SELL,804,98700,79354800
2024-11-27,NAVER,SELL,479,203000,97237000
2024-11-27,SK하이닉스,BUY,676,168300,113770800
2024-11-27,기아,BUY,1138,94300,107313400
2024-11-28,HMM,SELL,1164,18620,21673680
2024-11-28,KB금융,BUY,352,98000,34496000
2024-11-28,SK하이닉스,BUY,170,161100,27387000
2024-11-28,기아,SELL,1247,95000,118465000
2024-11-28,현대차,BUY,397,219000,86943000
2024-11-29,KB금융,BUY,164,96200,15776800
2024-11-29,SK하이닉스,SELL,447,159900,71475300
2024-11-29,기아,SELL,363,92900,33722700
2024-11-29,현대차,SELL,91,218500,19883500
2024-12-02,HMM,BUY,8037,17650,141853050
2024-12-02,KB금융,SELL,235,96400,22654000
2024-12-02,SK하이닉스,SELL,111,158800,17626800
2024-12-02,기아,SELL,947,94200,89207400
2024-12-02,현대차,BUY,62,216000,13392000
2024-12-03,SK하이닉스,SELL,572,164900,94322800
2024-12-03,HMM,SELL,3346,18150,60729900
2024-12-03,KB금융,SELL,46,101200,4655200
2024-12-03,NAVER,BUY,803,209000,167827000
2024-12-03,기아,BUY,480,98000,47040000
2024-12-03,현대차,BUY,345,214500,74002500
2024-12-04,HMM,SELL,693,17820,12349260
2024-12-04,기아,SELL,2053,98100,201399300
2024-12-04,대우건설,BUY,14953,3535,52858855
2024-12-04,대한항공,BUY,2005,24750,49623750
2024-12-04,현대차,SELL,89,209000,18601000
2024-12-05,대한항공,SELL,2005,24550,49222750
2024-12-05,HMM,SELL,5465,18210,99517650
2024-12-05,NAVER,SELL,413,204000,84252000
2024-12-05,기아,BUY,927,94000,87138000
2024-12-05,대우건설,SELL,5294,3420,18105480
2024-12-05,현대차,SELL,127,204500,25971500
2024-12-06,대우건설,SELL,9659,3415,32985485
2024-12-06,HMM,BUY,2013,18000,36234000
2024-12-06,KB금융,BUY,3147,85300,268439100
2024-12-06,NAVER,SELL,68,204500,13906000
2024-12-06,기아,SELL,459,94800,43513200
2024-12-06,현대차,SELL,144,203500,29304000
2024-12-09,HMM,BUY,221,17800,3933800
2024-12-09,KB금융,SELL,311,82800,25750800
2024-12-09,KT,BUY,975,44300,43192500
2024-12-09,NAVER,SELL,7,201500,1410500
2024-12-09,SK하이닉스,BUY,189,168900,31922100
2024-12-09,기아,BUY,76,92000,6992000
2024-12-09,대우건설,BUY,19312,3180,61412160
2024-12-09,현대차,SELL,87,201000,17487000
2024-12-10,HMM,SELL,3897,18360,71548920
2024-12-10,대우건설,SELL,19312,3355,64791760
2024-12-10,현대차,SELL,266,210500,55993000
2024-12-10,KT,SELL,196,43850,8594600
2024-12-10,NAVER,SELL,180,209000,37620000
2024-12-10,SK하이닉스,BUY,75,170400,12780000
2024-12-10,기아,SELL,202,95800,19351600
2024-12-11,KT,SELL,779,44600,34743400
2024-12-11,NAVER,SELL,349,218000,76082000
2024-12-11,KB금융,BUY,4250,85400,362950000
2024-12-11,SK하이닉스,SELL,1,171800,171800
2024-12-11,기아,BUY,261,96500,25186500
2024-12-12,SK하이닉스,SELL,263,176100,46314300
2024-12-12,KB금융,SELL,1508,87000,131196000
2024-12-12,기아,SELL,403,97200,39171600
2024-12-13,KB금융,BUY,527,85000,44795000
2024-12-13,NAVER,BUY,760,210000,159600000
2024-12-13,기아,SELL,262,98100,25702200
2024-12-16,KB금융,SELL,805,84600,68103000
2024-12-16,NAVER,SELL,343,214000,73402000
2024-12-16,기아,BUY,1150,95300,109595000
2024-12-16,현대차,BUY,124,211000,26164000
2024-12-17,KB금융,SELL,859,84400,72499600
2024-12-17,NAVER,BUY,226,209500,47347000
2024-12-17,기아,SELL,455,95700,43543500
2024-12-17,대한항공,BUY,805,24150,19440750
2024-12-17,현대차,BUY,185,206500,38202500
2024-12-18,대한항공,SELL,805,24800,19964000
2024-12-18,현대차,SELL,309,216500,66898500
2024-12-18,HMM,BUY,3834,18210,69817140
2024-12-18,NAVER,BUY,50,212500,10625000
2024-12-18,SK하이닉스,BUY,180,183500,33030000
2024-12-18,기아,SELL,1708,101800,173874400
2024-12-19,HMM,SELL,372,17970,6684840
2024-12-19,KB금융,BUY,651,86900,56571900
2024-12-19,NAVER,BUY,32,209500,6704000
2024-12-19,SK하이닉스,BUY,471,175000,82425000
2024-12-19,기아,BUY,386,100600,38831600
2024-12-19,현대차,BUY,113,212000,23956000
2024-12-20,HMM,SELL,3462,18400,63700800
2024-12-20,KB금융,BUY,289,85800,24796200
2024-12-20,NAVER,SELL,143,210000,30030000
2024-12-20,SK하이닉스,BUY,106,168500,17861000
2024-12-20,기아,SELL,118,101200,11941600
2024-12-20,대한항공,BUY,2091,23500,49138500
2024-12-20,현대차,BUY,67,210500,14103500
2024-12-23,대한항공,SELL,2091,23700,49556700
2024-12-23,현대차,SELL,180,215000,38700000
2024-12-23,HMM,BUY,2190,17970,39354300
2024-12-23,KB금융,SELL,427,87000,37149000
2024-12-23,SK하이닉스,SELL,343,169600,58172800
2024-12-23,기아,BUY,212,100900,21390800
2024-12-24,HMM,SELL,2190,18170,39792300
2024-12-24,KB금융,BUY,1045,86500,90392500
2024-12-24,NAVER,BUY,265,202500,53662500
2024-12-24,SK하이닉스,SELL,18,168500,3033000
2024-12-24,기아,BUY,213,100600,21427800
2024-12-26,SK하이닉스,SELL,182,170100,30958200
2024-12-26,기아,SELL,904,102900,93021600
2024-12-27,SK하이닉스,SELL,214,174500,37343000
2024-12-27,HMM,BUY,7477,17530,131071810
2024-12-27,KB금융,SELL,740,85000,62900000
2024-12-27,NAVER,SELL,70,197700,13839000
2024-12-27,기아,BUY,618,100900,62356200
2024-12-27,대우건설,BUY,5663,3160,17895080
